"Status","ModelName","FileName","FullPath","SizeMB","Message"
"Ready","2017chiron","2017chiron.png","D:\GTA MOD DL's\Vehicles\GTA Popgroups Tool\Car Pics\images\2017chiron.png","1.5","Ready to upload as image/png."
"Ready","2018zl1","2018zl1.png","D:\GTA MOD DL's\Vehicles\GTA Popgroups Tool\Car Pics\images\2018zl1.png","1.32","Ready to upload as image/png."
"Ready","2019chiron","2019chiron.png","D:\GTA MOD DL's\Vehicles\GTA Popgroups Tool\Car Pics\images\2019chiron.png","1.2","Ready to upload as image/png."
"Unmatched","2020cla45s","2020cla45s.png","D:\GTA MOD DL's\Vehicles\GTA Popgroups Tool\Car Pics\images\2020cla45s.png","1.12","No matching D1 vehicle model."
"Ready","212expo51","212expo51.png","D:\GTA MOD DL's\Vehicles\GTA Popgroups Tool\Car Pics\images\212expo51.png","0.87","Ready to upload as image/png."
"Unmatched","330itrg","330itrg.png","D:\GTA MOD DL's\Vehicles\GTA Popgroups Tool\Car Pics\images\330itrg.png","1.17","No matching D1 vehicle model."
"Ready","350z","350z.png","D:\GTA MOD DL's\Vehicles\GTA Popgroups Tool\Car Pics\images\350z.png","1.3","Ready to upload as image/png."
"Ready","350z2","350z2.png","D:\GTA MOD DL's\Vehicles\GTA Popgroups Tool\Car Pics\images\350z2.png","1.26","Ready to upload as image/png."
"Ready","458","458.png","D:\GTA MOD DL's\Vehicles\GTA Popgroups Tool\Car Pics\images\458.png","0.92","Ready to upload as image/png."
"Ready","535i97","535i97.png","D:\GTA MOD DL's\Vehicles\GTA Popgroups Tool\Car Pics\images\535i97.png","0.7","Ready to upload as image/png."
"Ready","750li","750li.png","D:\GTA MOD DL's\Vehicles\GTA Popgroups Tool\Car Pics\images\750li.png","1.34","Ready to upload as image/png."
"Ready","750li2","750li2.png","D:\GTA MOD DL's\Vehicles\GTA Popgroups Tool\Car Pics\images\750li2.png","0.92","Ready to upload as image/png."
"Ready","850sw","850sw.png","D:\GTA MOD DL's\Vehicles\GTA Popgroups Tool\Car Pics\images\850sw.png","0.52","Ready to upload as image/png."
"Ready","a45","a45.png","D:\GTA MOD DL's\Vehicles\GTA Popgroups Tool\Car Pics\images\a45.png","1.42","Ready to upload as image/png."
"Ready","accord86","accord86.png","D:\GTA MOD DL's\Vehicles\GTA Popgroups Tool\Car Pics\images\accord86.png","0.6","Ready to upload as image/png."
"Ready","adder","adder.png","D:\GTA MOD DL's\Vehicles\GTA Popgroups Tool\Car Pics\images\adder.png","0.37","Ready to upload as image/png."
"Ready","airbus","airbus.png","D:\GTA MOD DL's\Vehicles\GTA Popgroups Tool\Car Pics\images\airbus.png","0.31","Ready to upload as image/png."
"Ready","airtug","Airtug.png","D:\GTA MOD DL's\Vehicles\GTA Popgroups Tool\Car Pics\images\Airtug.png","0.36","Ready to upload as image/png."
"Ready","akula","Akula.png","D:\GTA MOD DL's\Vehicles\GTA Popgroups Tool\Car Pics\images\Akula.png","0.38","Ready to upload as image/png."
"Ready","akuma","Akuma.png","D:\GTA MOD DL's\Vehicles\GTA Popgroups Tool\Car Pics\images\Akuma.png","0.37","Ready to upload as image/png."
"Ready","aleutian","Aleutian.png","D:\GTA MOD DL's\Vehicles\GTA Popgroups Tool\Car Pics\images\Aleutian.png","0.36","Ready to upload as image/png."
"Ready","alkonost","alkonost.png","D:\GTA MOD DL's\Vehicles\GTA Popgroups Tool\Car Pics\images\alkonost.png","0.4","Ready to upload as image/png."
"Ready","alpha","Alpha.png","D:\GTA MOD DL's\Vehicles\GTA Popgroups Tool\Car Pics\images\Alpha.png","0.39","Ready to upload as image/png."
"Ready","alphaz1","AlphaZ1.png","D:\GTA MOD DL's\Vehicles\GTA Popgroups Tool\Car Pics\images\AlphaZ1.png","0.38","Ready to upload as image/png."
"Ready","altima07","altima07.png","D:\GTA MOD DL's\Vehicles\GTA Popgroups Tool\Car Pics\images\altima07.png","0.6","Ready to upload as image/png."
"Ready","altima07b","altima07b.png","D:\GTA MOD DL's\Vehicles\GTA Popgroups Tool\Car Pics\images\altima07b.png","0.67","Ready to upload as image/png."
"Ready","ambulance","Ambulance.png","D:\GTA MOD DL's\Vehicles\GTA Popgroups Tool\Car Pics\images\Ambulance.png","0.37","Ready to upload as image/png."
"Ready","annihilator","Annihilator.png","D:\GTA MOD DL's\Vehicles\GTA Popgroups Tool\Car Pics\images\Annihilator.png","0.39","Ready to upload as image/png."
"Ready","annihilator2","Annihilator2.png","D:\GTA MOD DL's\Vehicles\GTA Popgroups Tool\Car Pics\images\Annihilator2.png","0.4","Ready to upload as image/png."
"Ready","apc","APC.png","D:\GTA MOD DL's\Vehicles\GTA Popgroups Tool\Car Pics\images\APC.png","0.27","Ready to upload as image/png."
"Ready","arbitergt","ArbiterGT.png","D:\GTA MOD DL's\Vehicles\GTA Popgroups Tool\Car Pics\images\ArbiterGT.png","0.39","Ready to upload as image/png."
"Ready","ardent","Ardent.png","D:\GTA MOD DL's\Vehicles\GTA Popgroups Tool\Car Pics\images\Ardent.png","0.36","Ready to upload as image/png."
"Ready","aries81","aries81.png","D:\GTA MOD DL's\Vehicles\GTA Popgroups Tool\Car Pics\images\aries81.png","0.77","Ready to upload as image/png."
"Ready","armytanker","Armytanker.png","D:\GTA MOD DL's\Vehicles\GTA Popgroups Tool\Car Pics\images\Armytanker.png","0.36","Ready to upload as image/png."
"Ready","armytrailer","Armytrailer.png","D:\GTA MOD DL's\Vehicles\GTA Popgroups Tool\Car Pics\images\Armytrailer.png","0.37","Ready to upload as image/png."
"Ready","armytrailer2","Armytrailer2.png","D:\GTA MOD DL's\Vehicles\GTA Popgroups Tool\Car Pics\images\Armytrailer2.png","0.38","Ready to upload as image/png."
"Ready","asbo","asbo.png","D:\GTA MOD DL's\Vehicles\GTA Popgroups Tool\Car Pics\images\asbo.png","0.38","Ready to upload as image/png."
"Ready","asea","Asea.png","D:\GTA MOD DL's\Vehicles\GTA Popgroups Tool\Car Pics\images\Asea.png","0.35","Ready to upload as image/png."
"Ready","asea2","Asea2.png","D:\GTA MOD DL's\Vehicles\GTA Popgroups Tool\Car Pics\images\Asea2.png","0.4","Ready to upload as image/png."
"Ready","asterion","asterion.png","D:\GTA MOD DL's\Vehicles\GTA Popgroups Tool\Car Pics\images\asterion.png","1.35","Ready to upload as image/png."
"Ready","asterope","Asterope.png","D:\GTA MOD DL's\Vehicles\GTA Popgroups Tool\Car Pics\images\Asterope.png","0.39","Ready to upload as image/png."
"Ready","asterope2","Asterope2.png","D:\GTA MOD DL's\Vehicles\GTA Popgroups Tool\Car Pics\images\Asterope2.png","0.34","Ready to upload as image/png."
"Ready","astrale","Astrale.png","D:\GTA MOD DL's\Vehicles\GTA Popgroups Tool\Car Pics\images\Astrale.png","0.36","Ready to upload as image/png."
"Ready","astro88","astro88.png","D:\GTA MOD DL's\Vehicles\GTA Popgroups Tool\Car Pics\images\astro88.png","0.54","Ready to upload as image/png."
"Ready","astron","astron.png","D:\GTA MOD DL's\Vehicles\GTA Popgroups Tool\Car Pics\images\astron.png","0.44","Ready to upload as image/png."
"Ready","astron2","Astron2.png","D:\GTA MOD DL's\Vehicles\GTA Popgroups Tool\Car Pics\images\Astron2.png","0.39","Ready to upload as image/png."
"Unmatched","audis3tfs12012wb","audis3tfs12012wb.png","D:\GTA MOD DL's\Vehicles\GTA Popgroups Tool\Car Pics\images\audis3tfs12012wb.png","1.29","No matching D1 vehicle model."
"Ready","autarch","Autarch.png","D:\GTA MOD DL's\Vehicles\GTA Popgroups Tool\Car Pics\images\Autarch.png","0.33","Ready to upload as image/png."
"Ready","avarus","Avarus.png","D:\GTA MOD DL's\Vehicles\GTA Popgroups Tool\Car Pics\images\Avarus.png","0.39","Ready to upload as image/png."
"Ready","avenger","Avenger.png","D:\GTA MOD DL's\Vehicles\GTA Popgroups Tool\Car Pics\images\Avenger.png","0.24","Ready to upload as image/png."
"Ready","avenger2","Avenger2.png","D:\GTA MOD DL's\Vehicles\GTA Popgroups Tool\Car Pics\images\Avenger2.png","0.23","Ready to upload as image/png."
"Ready","avenger3","Avenger3.png","D:\GTA MOD DL's\Vehicles\GTA Popgroups Tool\Car Pics\images\Avenger3.png","0.24","Ready to upload as image/png."
"Ready","avenger4","Avenger4.png","D:\GTA MOD DL's\Vehicles\GTA Popgroups Tool\Car Pics\images\Avenger4.png","0.24","Ready to upload as image/png."
"Ready","aventador","aventador.png","D:\GTA MOD DL's\Vehicles\GTA Popgroups Tool\Car Pics\images\aventador.png","0.94","Ready to upload as image/png."
"Ready","avisa","Avisa.png","D:\GTA MOD DL's\Vehicles\GTA Popgroups Tool\Car Pics\images\Avisa.png","0.32","Ready to upload as image/png."
"Ready","bagger","Bagger.png","D:\GTA MOD DL's\Vehicles\GTA Popgroups Tool\Car Pics\images\Bagger.png","0.39","Ready to upload as image/png."
"Ready","baletrailer","BaleTrailer.png","D:\GTA MOD DL's\Vehicles\GTA Popgroups Tool\Car Pics\images\BaleTrailer.png","0.4","Ready to upload as image/png."
"Ready","baller","Baller.png","D:\GTA MOD DL's\Vehicles\GTA Popgroups Tool\Car Pics\images\Baller.png","0.35","Ready to upload as image/png."
"Ready","baller2","Baller2.png","D:\GTA MOD DL's\Vehicles\GTA Popgroups Tool\Car Pics\images\Baller2.png","0.38","Ready to upload as image/png."
"Ready","baller3","Baller3.png","D:\GTA MOD DL's\Vehicles\GTA Popgroups Tool\Car Pics\images\Baller3.png","0.34","Ready to upload as image/png."
"Ready","baller4","Baller4.png","D:\GTA MOD DL's\Vehicles\GTA Popgroups Tool\Car Pics\images\Baller4.png","0.34","Ready to upload as image/png."
"Ready","baller5","Baller5.png","D:\GTA MOD DL's\Vehicles\GTA Popgroups Tool\Car Pics\images\Baller5.png","0.34","Ready to upload as image/png."
"Ready","baller6","Baller6.png","D:\GTA MOD DL's\Vehicles\GTA Popgroups Tool\Car Pics\images\Baller6.png","0.3","Ready to upload as image/png."
"Ready","baller7","baller7.png","D:\GTA MOD DL's\Vehicles\GTA Popgroups Tool\Car Pics\images\baller7.png","0.44","Ready to upload as image/png."
"Ready","baller8","Baller8.png","D:\GTA MOD DL's\Vehicles\GTA Popgroups Tool\Car Pics\images\Baller8.png","0.36","Ready to upload as image/png."
"Ready","baller8wb","baller8wb.png","D:\GTA MOD DL's\Vehicles\GTA Popgroups Tool\Car Pics\images\baller8wb.png","0.57","Ready to upload as image/png."
"Ready","banshee","Banshee.png","D:\GTA MOD DL's\Vehicles\GTA Popgroups Tool\Car Pics\images\Banshee.png","0.36","Ready to upload as image/png."
"Ready","banshee2","Banshee2.png","D:\GTA MOD DL's\Vehicles\GTA Popgroups Tool\Car Pics\images\Banshee2.png","0.36","Ready to upload as image/png."
"Ready","banshee3","Banshee3.png","D:\GTA MOD DL's\Vehicles\GTA Popgroups Tool\Car Pics\images\Banshee3.png","0.41","Ready to upload as image/png."
"Ready","barracks","Barracks.png","D:\GTA MOD DL's\Vehicles\GTA Popgroups Tool\Car Pics\images\Barracks.png","0.39","Ready to upload as image/png."
"Ready","barracks2","Barracks2.png","D:\GTA MOD DL's\Vehicles\GTA Popgroups Tool\Car Pics\images\Barracks2.png","0.36","Ready to upload as image/png."
"Ready","barracks3","Barracks3.png","D:\GTA MOD DL's\Vehicles\GTA Popgroups Tool\Car Pics\images\Barracks3.png","0.36","Ready to upload as image/png."
"Ready","barrage","Barrage.png","D:\GTA MOD DL's\Vehicles\GTA Popgroups Tool\Car Pics\images\Barrage.png","0.41","Ready to upload as image/png."
"Ready","bati","Bati.png","D:\GTA MOD DL's\Vehicles\GTA Popgroups Tool\Car Pics\images\Bati.png","0.37","Ready to upload as image/png."
"Ready","bati2","Bati2.png","D:\GTA MOD DL's\Vehicles\GTA Popgroups Tool\Car Pics\images\Bati2.png","0.39","Ready to upload as image/png."
"Ready","beatertulip","beatertulip.png","D:\GTA MOD DL's\Vehicles\GTA Popgroups Tool\Car Pics\images\beatertulip.png","0.76","Ready to upload as image/png."
"Ready","beetle74","beetle74.png","D:\GTA MOD DL's\Vehicles\GTA Popgroups Tool\Car Pics\images\beetle74.png","0.63","Ready to upload as image/png."
"Ready","benson","Benson.png","D:\GTA MOD DL's\Vehicles\GTA Popgroups Tool\Car Pics\images\Benson.png","0.36","Ready to upload as image/png."
"Ready","benson2","Benson2.png","D:\GTA MOD DL's\Vehicles\GTA Popgroups Tool\Car Pics\images\Benson2.png","0.35","Ready to upload as image/png."
"Ready","besra","Besra.png","D:\GTA MOD DL's\Vehicles\GTA Popgroups Tool\Car Pics\images\Besra.png","0.4","Ready to upload as image/png."
"Ready","bestiagts","BestiaGTS.png","D:\GTA MOD DL's\Vehicles\GTA Popgroups Tool\Car Pics\images\BestiaGTS.png","0.39","Ready to upload as image/png."
"Ready","bf400","BF400.png","D:\GTA MOD DL's\Vehicles\GTA Popgroups Tool\Car Pics\images\BF400.png","0.44","Ready to upload as image/png."
"Ready","bfinjection","bfinjection.png","D:\GTA MOD DL's\Vehicles\GTA Popgroups Tool\Car Pics\images\bfinjection.png","0.38","Ready to upload as image/png."
"Ready","bgnx","bgnx.png","D:\GTA MOD DL's\Vehicles\GTA Popgroups Tool\Car Pics\images\bgnx.png","0.62","Ready to upload as image/png."
"Ready","biff","Biff.png","D:\GTA MOD DL's\Vehicles\GTA Popgroups Tool\Car Pics\images\Biff.png","0.39","Ready to upload as image/png."
"Ready","bifta","bifta.png","D:\GTA MOD DL's\Vehicles\GTA Popgroups Tool\Car Pics\images\bifta.png","0.36","Ready to upload as image/png."
"Ready","bison","Bison.png","D:\GTA MOD DL's\Vehicles\GTA Popgroups Tool\Car Pics\images\Bison.png","0.38","Ready to upload as image/png."
"Ready","bison2","Bison2.png","D:\GTA MOD DL's\Vehicles\GTA Popgroups Tool\Car Pics\images\Bison2.png","0.35","Ready to upload as image/png."
"Ready","bison3","Bison3.png","D:\GTA MOD DL's\Vehicles\GTA Popgroups Tool\Car Pics\images\Bison3.png","0.37","Ready to upload as image/png."
"Ready","bjxl","BJXL.png","D:\GTA MOD DL's\Vehicles\GTA Popgroups Tool\Car Pics\images\BJXL.png","0.34","Ready to upload as image/png."
"Ready","blade","Blade.png","D:\GTA MOD DL's\Vehicles\GTA Popgroups Tool\Car Pics\images\Blade.png","0.37","Ready to upload as image/png."
"Ready","blazer","Blazer.png","D:\GTA MOD DL's\Vehicles\GTA Popgroups Tool\Car Pics\images\Blazer.png","0.39","Ready to upload as image/png."
"Ready","blazer2","Blazer2.png","D:\GTA MOD DL's\Vehicles\GTA Popgroups Tool\Car Pics\images\Blazer2.png","0.32","Ready to upload as image/png."
"Ready","blazer3","blazer3.png","D:\GTA MOD DL's\Vehicles\GTA Popgroups Tool\Car Pics\images\blazer3.png","0.42","Ready to upload as image/png."
"Ready","blazer4","blazer4.png","D:\GTA MOD DL's\Vehicles\GTA Popgroups Tool\Car Pics\images\blazer4.png","0.42","Ready to upload as image/png."
"Ready","blazer5","Blazer5.png","D:\GTA MOD DL's\Vehicles\GTA Popgroups Tool\Car Pics\images\Blazer5.png","0.3","Ready to upload as image/png."
"Ready","blimp","blimp.png","D:\GTA MOD DL's\Vehicles\GTA Popgroups Tool\Car Pics\images\blimp.png","0.31","Ready to upload as image/png."
"Ready","blimp2","blimp2.png","D:\GTA MOD DL's\Vehicles\GTA Popgroups Tool\Car Pics\images\blimp2.png","0.28","Ready to upload as image/png."
"Ready","blimp3","Blimp3.png","D:\GTA MOD DL's\Vehicles\GTA Popgroups Tool\Car Pics\images\Blimp3.png","0.21","Ready to upload as image/png."
"Ready","blista","Blista.png","D:\GTA MOD DL's\Vehicles\GTA Popgroups Tool\Car Pics\images\Blista.png","0.36","Ready to upload as image/png."
"Ready","blista2","Blista2.png","D:\GTA MOD DL's\Vehicles\GTA Popgroups Tool\Car Pics\images\Blista2.png","0.39","Ready to upload as image/png."
"Ready","blista3","blista3.png","D:\GTA MOD DL's\Vehicles\GTA Popgroups Tool\Car Pics\images\blista3.png","0.38","Ready to upload as image/png."
"Ready","BMWe90","bmwe90.png","D:\GTA MOD DL's\Vehicles\GTA Popgroups Tool\Car Pics\images\bmwe90.png","1.17","Ready to upload as image/png."
"Ready","BMX","BMX.png","D:\GTA MOD DL's\Vehicles\GTA Popgroups Tool\Car Pics\images\BMX.png","0.38","Ready to upload as image/png."
"Ready","boattrailer","BoatTrailer.png","D:\GTA MOD DL's\Vehicles\GTA Popgroups Tool\Car Pics\images\BoatTrailer.png","0.39","Ready to upload as image/png."
"Ready","boattrailer2","BoatTrailer2.png","D:\GTA MOD DL's\Vehicles\GTA Popgroups Tool\Car Pics\images\BoatTrailer2.png","0.34","Ready to upload as image/png."
"Ready","boattrailer3","BoatTrailer3.png","D:\GTA MOD DL's\Vehicles\GTA Popgroups Tool\Car Pics\images\BoatTrailer3.png","0.35","Ready to upload as image/png."
"Ready","bobcatxl","BobcatXL.png","D:\GTA MOD DL's\Vehicles\GTA Popgroups Tool\Car Pics\images\BobcatXL.png","0.36","Ready to upload as image/png."
"Ready","bodhi2","Bodhi2.png","D:\GTA MOD DL's\Vehicles\GTA Popgroups Tool\Car Pics\images\Bodhi2.png","0.41","Ready to upload as image/png."
"Ready","bombushka","Bombushka.png","D:\GTA MOD DL's\Vehicles\GTA Popgroups Tool\Car Pics\images\Bombushka.png","0.4","Ready to upload as image/png."
"Ready","boor","Boor.png","D:\GTA MOD DL's\Vehicles\GTA Popgroups Tool\Car Pics\images\Boor.png","0.41","Ready to upload as image/png."
"Ready","boxville","Boxville.png","D:\GTA MOD DL's\Vehicles\GTA Popgroups Tool\Car Pics\images\Boxville.png","0.36","Ready to upload as image/png."
"Ready","boxville2","Boxville2.png","D:\GTA MOD DL's\Vehicles\GTA Popgroups Tool\Car Pics\images\Boxville2.png","0.27","Ready to upload as image/png."
"Ready","boxville3","Boxville3.png","D:\GTA MOD DL's\Vehicles\GTA Popgroups Tool\Car Pics\images\Boxville3.png","0.28","Ready to upload as image/png."
"Ready","boxville4","Boxville4.png","D:\GTA MOD DL's\Vehicles\GTA Popgroups Tool\Car Pics\images\Boxville4.png","0.27","Ready to upload as image/png."
"Ready","boxville5","Boxville5.png","D:\GTA MOD DL's\Vehicles\GTA Popgroups Tool\Car Pics\images\Boxville5.png","0.48","Ready to upload as image/png."
"Ready","boxville6","Boxville6.png","D:\GTA MOD DL's\Vehicles\GTA Popgroups Tool\Car Pics\images\Boxville6.png","0.36","Ready to upload as image/png."
"Ready","boxvilled","boxvilled.png","D:\GTA MOD DL's\Vehicles\GTA Popgroups Tool\Car Pics\images\boxvilled.png","0.48","Ready to upload as image/png."
"Ready","brawler","Brawler.png","D:\GTA MOD DL's\Vehicles\GTA Popgroups Tool\Car Pics\images\Brawler.png","0.37","Ready to upload as image/png."
"Ready","brickade","Brickade.png","D:\GTA MOD DL's\Vehicles\GTA Popgroups Tool\Car Pics\images\Brickade.png","0.35","Ready to upload as image/png."
"Ready","brickade2","Brickade2.png","D:\GTA MOD DL's\Vehicles\GTA Popgroups Tool\Car Pics\images\Brickade2.png","0.34","Ready to upload as image/png."
"Ready","brickadeb","brickadeb.png","D:\GTA MOD DL's\Vehicles\GTA Popgroups Tool\Car Pics\images\brickadeb.png","0.97","Ready to upload as image/png."
"Ready","brickadebr","brickadebr.png","D:\GTA MOD DL's\Vehicles\GTA Popgroups Tool\Car Pics\images\brickadebr.png","0.99","Ready to upload as image/png."
"Ready","brickadec","brickadec.png","D:\GTA MOD DL's\Vehicles\GTA Popgroups Tool\Car Pics\images\brickadec.png","1.02","Ready to upload as image/png."
"Ready","brickaded","brickaded.png","D:\GTA MOD DL's\Vehicles\GTA Popgroups Tool\Car Pics\images\brickaded.png","1.1","Ready to upload as image/png."
"Ready","brickadef","brickadef.png","D:\GTA MOD DL's\Vehicles\GTA Popgroups Tool\Car Pics\images\brickadef.png","1.05","Ready to upload as image/png."
"Ready","brickadem","brickadem.png","D:\GTA MOD DL's\Vehicles\GTA Popgroups Tool\Car Pics\images\brickadem.png","1.24","Ready to upload as image/png."
"Ready","brickader","brickader.png","D:\GTA MOD DL's\Vehicles\GTA Popgroups Tool\Car Pics\images\brickader.png","1","Ready to upload as image/png."
"Ready","brickades","brickades.png","D:\GTA MOD DL's\Vehicles\GTA Popgroups Tool\Car Pics\images\brickades.png","0.68","Ready to upload as image/png."
"Ready","brickadet","brickadet.png","D:\GTA MOD DL's\Vehicles\GTA Popgroups Tool\Car Pics\images\brickadet.png","1","Ready to upload as image/png."
"Ready","brickadeta","brickadeta.png","D:\GTA MOD DL's\Vehicles\GTA Popgroups Tool\Car Pics\images\brickadeta.png","0.67","Ready to upload as image/png."
"Ready","brigham","Brigham.png","D:\GTA MOD DL's\Vehicles\GTA Popgroups Tool\Car Pics\images\Brigham.png","0.41","Ready to upload as image/png."
"Ready","brioso","Brioso.png","D:\GTA MOD DL's\Vehicles\GTA Popgroups Tool\Car Pics\images\Brioso.png","0.34","Ready to upload as image/png."
"Ready","brioso2","brioso2.png","D:\GTA MOD DL's\Vehicles\GTA Popgroups Tool\Car Pics\images\brioso2.png","0.36","Ready to upload as image/png."
"Ready","brioso3","Brioso3.png","D:\GTA MOD DL's\Vehicles\GTA Popgroups Tool\Car Pics\images\Brioso3.png","0.44","Ready to upload as image/png."
"Ready","broadway","Broadway.png","D:\GTA MOD DL's\Vehicles\GTA Popgroups Tool\Car Pics\images\Broadway.png","0.4","Ready to upload as image/png."
"Ready","bronco80","bronco80.png","D:\GTA MOD DL's\Vehicles\GTA Popgroups Tool\Car Pics\images\bronco80.png","0.74","Ready to upload as image/png."
"Ready","bronco81","bronco81.png","D:\GTA MOD DL's\Vehicles\GTA Popgroups Tool\Car Pics\images\bronco81.png","0.77","Ready to upload as image/png."
"Ready","bronco82","bronco82.png","D:\GTA MOD DL's\Vehicles\GTA Popgroups Tool\Car Pics\images\bronco82.png","0.72","Ready to upload as image/png."
"Ready","bronco96","bronco96.png","D:\GTA MOD DL's\Vehicles\GTA Popgroups Tool\Car Pics\images\bronco96.png","0.65","Ready to upload as image/png."
"Ready","bruiser","bruiser.png","D:\GTA MOD DL's\Vehicles\GTA Popgroups Tool\Car Pics\images\bruiser.png","0.35","Ready to upload as image/png."
"Ready","bruiser2","bruiser2.png","D:\GTA MOD DL's\Vehicles\GTA Popgroups Tool\Car Pics\images\bruiser2.png","0.36","Ready to upload as image/png."
"Ready","bruiser3","bruiser3.png","D:\GTA MOD DL's\Vehicles\GTA Popgroups Tool\Car Pics\images\bruiser3.png","0.38","Ready to upload as image/png."
"Ready","brutus","brutus.png","D:\GTA MOD DL's\Vehicles\GTA Popgroups Tool\Car Pics\images\brutus.png","0.41","Ready to upload as image/png."
"Ready","brutus2","brutus2.png","D:\GTA MOD DL's\Vehicles\GTA Popgroups Tool\Car Pics\images\brutus2.png","0.41","Ready to upload as image/png."
"Ready","brutus3","brutus3.png","D:\GTA MOD DL's\Vehicles\GTA Popgroups Tool\Car Pics\images\brutus3.png","0.43","Ready to upload as image/png."
"Ready","bshackjunk","bshackjunk.png","D:\GTA MOD DL's\Vehicles\GTA Popgroups Tool\Car Pics\images\bshackjunk.png","0.8","Ready to upload as image/png."
"Ready","btourbillon24","btourbillon24.png","D:\GTA MOD DL's\Vehicles\GTA Popgroups Tool\Car Pics\images\btourbillon24.png","1.5","Ready to upload as image/png."
"Ready","btype","btype.png","D:\GTA MOD DL's\Vehicles\GTA Popgroups Tool\Car Pics\images\btype.png","0.39","Ready to upload as image/png."
"Ready","btype2","btype2.png","D:\GTA MOD DL's\Vehicles\GTA Popgroups Tool\Car Pics\images\btype2.png","0.33","Ready to upload as image/png."
"Ready","btype3","btype3.png","D:\GTA MOD DL's\Vehicles\GTA Popgroups Tool\Car Pics\images\btype3.png","0.39","Ready to upload as image/png."
"Ready","buccaneer","Buccaneer.png","D:\GTA MOD DL's\Vehicles\GTA Popgroups Tool\Car Pics\images\Buccaneer.png","0.38","Ready to upload as image/png."
"Ready","buccaneer2","Buccaneer2.png","D:\GTA MOD DL's\Vehicles\GTA Popgroups Tool\Car Pics\images\Buccaneer2.png","0.43","Ready to upload as image/png."
"Ready","buffalo","Buffalo.png","D:\GTA MOD DL's\Vehicles\GTA Popgroups Tool\Car Pics\images\Buffalo.png","0.37","Ready to upload as image/png."
"Ready","buffalo2","Buffalo2.png","D:\GTA MOD DL's\Vehicles\GTA Popgroups Tool\Car Pics\images\Buffalo2.png","0.41","Ready to upload as image/png."
"Ready","buffalo3","Buffalo3.png","D:\GTA MOD DL's\Vehicles\GTA Popgroups Tool\Car Pics\images\Buffalo3.png","0.45","Ready to upload as image/png."
"Ready","buffalo4","buffalo4.png","D:\GTA MOD DL's\Vehicles\GTA Popgroups Tool\Car Pics\images\buffalo4.png","0.36","Ready to upload as image/png."
"Ready","buffalo5","Buffalo5.png","D:\GTA MOD DL's\Vehicles\GTA Popgroups Tool\Car Pics\images\Buffalo5.png","0.35","Ready to upload as image/png."
"Ready","bulldozer","bulldozer.png","D:\GTA MOD DL's\Vehicles\GTA Popgroups Tool\Car Pics\images\bulldozer.png","0.42","Ready to upload as image/png."
"Ready","bullet","Bullet.png","D:\GTA MOD DL's\Vehicles\GTA Popgroups Tool\Car Pics\images\Bullet.png","0.41","Ready to upload as image/png."
"Ready","burrito","Burrito.png","D:\GTA MOD DL's\Vehicles\GTA Popgroups Tool\Car Pics\images\Burrito.png","0.33","Ready to upload as image/png."
"Ready","burrito2","Burrito2.png","D:\GTA MOD DL's\Vehicles\GTA Popgroups Tool\Car Pics\images\Burrito2.png","0.33","Ready to upload as image/png."
"Ready","burrito3","Burrito3.png","D:\GTA MOD DL's\Vehicles\GTA Popgroups Tool\Car Pics\images\Burrito3.png","0.32","Ready to upload as image/png."
"Ready","burrito4","burrito4.png","D:\GTA MOD DL's\Vehicles\GTA Popgroups Tool\Car Pics\images\burrito4.png","0.34","Ready to upload as image/png."
"Ready","burrito5","Burrito5.png","D:\GTA MOD DL's\Vehicles\GTA Popgroups Tool\Car Pics\images\Burrito5.png","0.37","Ready to upload as image/png."
"Ready","bus","Bus.png","D:\GTA MOD DL's\Vehicles\GTA Popgroups Tool\Car Pics\images\Bus.png","0.39","Ready to upload as image/png."
"Ready","buzzard","Buzzard.png","D:\GTA MOD DL's\Vehicles\GTA Popgroups Tool\Car Pics\images\Buzzard.png","0.37","Ready to upload as image/png."
"Ready","buzzard2","Buzzard2.png","D:\GTA MOD DL's\Vehicles\GTA Popgroups Tool\Car Pics\images\Buzzard2.png","0.27","Ready to upload as image/png."
"Ready","bville58","bville58.png","D:\GTA MOD DL's\Vehicles\GTA Popgroups Tool\Car Pics\images\bville58.png","0.83","Ready to upload as image/png."
"Ready","c10ss","c10ss.png","D:\GTA MOD DL's\Vehicles\GTA Popgroups Tool\Car Pics\images\c10ss.png","1.03","Ready to upload as image/png."
"Ready","c63amg","c63amg.png","D:\GTA MOD DL's\Vehicles\GTA Popgroups Tool\Car Pics\images\c63amg.png","0.98","Ready to upload as image/png."
"Ready","cabby","cabby.png","D:\GTA MOD DL's\Vehicles\GTA Popgroups Tool\Car Pics\images\cabby.png","0.67","Ready to upload as image/png."
"Ready","cablecar","cablecar.png","D:\GTA MOD DL's\Vehicles\GTA Popgroups Tool\Car Pics\images\cablecar.png","0.27","Ready to upload as image/png."
"Ready","caddy","Caddy.png","D:\GTA MOD DL's\Vehicles\GTA Popgroups Tool\Car Pics\images\Caddy.png","0.4","Ready to upload as image/png."
"Ready","caddy2","Caddy2.png","D:\GTA MOD DL's\Vehicles\GTA Popgroups Tool\Car Pics\images\Caddy2.png","0.42","Ready to upload as image/png."
"Ready","caddy3","Caddy3.png","D:\GTA MOD DL's\Vehicles\GTA Popgroups Tool\Car Pics\images\Caddy3.png","0.39","Ready to upload as image/png."
"Ready","calico","calico.png","D:\GTA MOD DL's\Vehicles\GTA Popgroups Tool\Car Pics\images\calico.png","0.36","Ready to upload as image/png."
"Ready","camaro68","camaro68.png","D:\GTA MOD DL's\Vehicles\GTA Popgroups Tool\Car Pics\images\camaro68.png","0.72","Ready to upload as image/png."
"Ready","camaro68b","camaro68b.png","D:\GTA MOD DL's\Vehicles\GTA Popgroups Tool\Car Pics\images\camaro68b.png","0.76","Ready to upload as image/png."
"Ready","camaro68c","camaro68c.png","D:\GTA MOD DL's\Vehicles\GTA Popgroups Tool\Car Pics\images\camaro68c.png","0.66","Ready to upload as image/png."
"Ready","camaro70","camaro70.png","D:\GTA MOD DL's\Vehicles\GTA Popgroups Tool\Car Pics\images\camaro70.png","0.79","Ready to upload as image/png."
"Ready","camaro77bee","camaro77bee.png","D:\GTA MOD DL's\Vehicles\GTA Popgroups Tool\Car Pics\images\camaro77bee.png","0.76","Ready to upload as image/png."
"Ready","camper","Camper.png","D:\GTA MOD DL's\Vehicles\GTA Popgroups Tool\Car Pics\images\Camper.png","0.33","Ready to upload as image/png."
"Ready","cara","cara.png","D:\GTA MOD DL's\Vehicles\GTA Popgroups Tool\Car Pics\images\cara.png","0.55","Ready to upload as image/png."
"Ready","caracara","Caracara.png","D:\GTA MOD DL's\Vehicles\GTA Popgroups Tool\Car Pics\images\Caracara.png","0.35","Ready to upload as image/png."
"Ready","caracara2","caracara2.png","D:\GTA MOD DL's\Vehicles\GTA Popgroups Tool\Car Pics\images\caracara2.png","0.29","Ready to upload as image/png."
"Ready","carbonizzare","Carbonizzare.png","D:\GTA MOD DL's\Vehicles\GTA Popgroups Tool\Car Pics\images\Carbonizzare.png","0.37","Ready to upload as image/png."
"Ready","carbonrs","CarbonRS.png","D:\GTA MOD DL's\Vehicles\GTA Popgroups Tool\Car Pics\images\CarbonRS.png","0.4","Ready to upload as image/png."
"Ready","cargobob","Cargobob.png","D:\GTA MOD DL's\Vehicles\GTA Popgroups Tool\Car Pics\images\Cargobob.png","0.42","Ready to upload as image/png."
"Ready","cargobob2","Cargobob2.png","D:\GTA MOD DL's\Vehicles\GTA Popgroups Tool\Car Pics\images\Cargobob2.png","0.37","Ready to upload as image/png."
"Ready","cargobob3","Cargobob3.png","D:\GTA MOD DL's\Vehicles\GTA Popgroups Tool\Car Pics\images\Cargobob3.png","0.42","Ready to upload as image/png."
"Ready","cargobob4","Cargobob4.png","D:\GTA MOD DL's\Vehicles\GTA Popgroups Tool\Car Pics\images\Cargobob4.png","0.42","Ready to upload as image/png."
"Ready","cargobob5","cargobob5.png","D:\GTA MOD DL's\Vehicles\GTA Popgroups Tool\Car Pics\images\cargobob5.png","0.44","Ready to upload as image/png."
"Ready","cargoplane","CargoPlane.png","D:\GTA MOD DL's\Vehicles\GTA Popgroups Tool\Car Pics\images\CargoPlane.png","0.28","Ready to upload as image/png."
"Ready","cargoplane2","CargoPlane2.png","D:\GTA MOD DL's\Vehicles\GTA Popgroups Tool\Car Pics\images\CargoPlane2.png","0.28","Ready to upload as image/png."
"Ready","casco","Casco.png","D:\GTA MOD DL's\Vehicles\GTA Popgroups Tool\Car Pics\images\Casco.png","0.38","Ready to upload as image/png."
"Ready","castigator","castigator.png","D:\GTA MOD DL's\Vehicles\GTA Popgroups Tool\Car Pics\images\castigator.png","0.33","Ready to upload as image/png."
"Ready","cavalcade","Cavalcade.png","D:\GTA MOD DL's\Vehicles\GTA Popgroups Tool\Car Pics\images\Cavalcade.png","0.35","Ready to upload as image/png."
"Ready","cavalcade2","Cavalcade2.png","D:\GTA MOD DL's\Vehicles\GTA Popgroups Tool\Car Pics\images\Cavalcade2.png","0.35","Ready to upload as image/png."
"Ready","cavalcade3","Cavalcade3.png","D:\GTA MOD DL's\Vehicles\GTA Popgroups Tool\Car Pics\images\Cavalcade3.png","0.37","Ready to upload as image/png."
"Ready","cerberus","cerberus.png","D:\GTA MOD DL's\Vehicles\GTA Popgroups Tool\Car Pics\images\cerberus.png","0.31","Ready to upload as image/png."
"Ready","cerberus2","cerberus2.png","D:\GTA MOD DL's\Vehicles\GTA Popgroups Tool\Car Pics\images\cerberus2.png","0.31","Ready to upload as image/png."
"Ready","cerberus3","cerberus3.png","D:\GTA MOD DL's\Vehicles\GTA Popgroups Tool\Car Pics\images\cerberus3.png","0.35","Ready to upload as image/png."
"Ready","cfleet72","cfleet72.png","D:\GTA MOD DL's\Vehicles\GTA Popgroups Tool\Car Pics\images\cfleet72.png","0.69","Ready to upload as image/png."
"Ready","cgexecutioner","cgexecutioner.png","D:\GTA MOD DL's\Vehicles\GTA Popgroups Tool\Car Pics\images\cgexecutioner.png","0.62","Ready to upload as image/png."
"Ready","cgsandking","cgsandking.png","D:\GTA MOD DL's\Vehicles\GTA Popgroups Tool\Car Pics\images\cgsandking.png","0.68","Ready to upload as image/png."
"Ready","challengerrt","challengerrt.png","D:\GTA MOD DL's\Vehicles\GTA Popgroups Tool\Car Pics\images\challengerrt.png","1.37","Ready to upload as image/png."
"Ready","champion","champion.png","D:\GTA MOD DL's\Vehicles\GTA Popgroups Tool\Car Pics\images\champion.png","0.4","Ready to upload as image/png."
"Ready","charger69","charger69.png","D:\GTA MOD DL's\Vehicles\GTA Popgroups Tool\Car Pics\images\charger69.png","0.63","Ready to upload as image/png."
"Ready","chargerrt","chargerrt.png","D:\GTA MOD DL's\Vehicles\GTA Popgroups Tool\Car Pics\images\chargerrt.png","1.14","Ready to upload as image/png."
"Ready","chargersb","chargersb.png","D:\GTA MOD DL's\Vehicles\GTA Popgroups Tool\Car Pics\images\chargersb.png","0.93","Ready to upload as image/png."
"Ready","chavosv6","chavosv6.png","D:\GTA MOD DL's\Vehicles\GTA Popgroups Tool\Car Pics\images\chavosv6.png","0.34","Ready to upload as image/png."
"Ready","cheburek","Cheburek.png","D:\GTA MOD DL's\Vehicles\GTA Popgroups Tool\Car Pics\images\Cheburek.png","0.34","Ready to upload as image/png."
"Ready","cheetah","Cheetah.png","D:\GTA MOD DL's\Vehicles\GTA Popgroups Tool\Car Pics\images\Cheetah.png","0.42","Ready to upload as image/png."
"Ready","cheetah2","Cheetah2.png","D:\GTA MOD DL's\Vehicles\GTA Popgroups Tool\Car Pics\images\Cheetah2.png","0.41","Ready to upload as image/png."
"Ready","cheetah3","cheetah3.png","D:\GTA MOD DL's\Vehicles\GTA Popgroups Tool\Car Pics\images\cheetah3.png","0.48","Ready to upload as image/png."
"Ready","chernobog","Chernobog.png","D:\GTA MOD DL's\Vehicles\GTA Popgroups Tool\Car Pics\images\Chernobog.png","0.24","Ready to upload as image/png."
"Ready","chimera","Chimera.png","D:\GTA MOD DL's\Vehicles\GTA Popgroups Tool\Car Pics\images\Chimera.png","0.35","Ready to upload as image/png."
"Ready","chino","Chino.png","D:\GTA MOD DL's\Vehicles\GTA Popgroups Tool\Car Pics\images\Chino.png","0.41","Ready to upload as image/png."
"Ready","chino2","Chino2.png","D:\GTA MOD DL's\Vehicles\GTA Popgroups Tool\Car Pics\images\Chino2.png","0.42","Ready to upload as image/png."
"Ready","cinquemila","cinquemila.png","D:\GTA MOD DL's\Vehicles\GTA Popgroups Tool\Car Pics\images\cinquemila.png","0.42","Ready to upload as image/png."
"Ready","citation58","citation58.png","D:\GTA MOD DL's\Vehicles\GTA Popgroups Tool\Car Pics\images\citation58.png","0.78","Ready to upload as image/png."
"Ready","civic96","civic96.png","D:\GTA MOD DL's\Vehicles\GTA Popgroups Tool\Car Pics\images\civic96.png","0.69","Ready to upload as image/png."
"Ready","cla45pol","cla45pol.png","D:\GTA MOD DL's\Vehicles\GTA Popgroups Tool\Car Pics\images\cla45pol.png","1.24","Ready to upload as image/png."
"Ready","cla45sb","cla45sb.png","D:\GTA MOD DL's\Vehicles\GTA Popgroups Tool\Car Pics\images\cla45sb.png","1.24","Ready to upload as image/png."
"Ready","cla45sb2","cla45sb2.png","D:\GTA MOD DL's\Vehicles\GTA Popgroups Tool\Car Pics\images\cla45sb2.png","1","Ready to upload as image/png."
"Ready","cliffhanger","Cliffhanger.png","D:\GTA MOD DL's\Vehicles\GTA Popgroups Tool\Car Pics\images\Cliffhanger.png","0.45","Ready to upload as image/png."
"Ready","clique","clique.png","D:\GTA MOD DL's\Vehicles\GTA Popgroups Tool\Car Pics\images\clique.png","0.41","Ready to upload as image/png."
"Ready","clique2","clique2.png","D:\GTA MOD DL's\Vehicles\GTA Popgroups Tool\Car Pics\images\clique2.png","0.4","Ready to upload as image/png."
"Ready","cls63s","cls63s.png","D:\GTA MOD DL's\Vehicles\GTA Popgroups Tool\Car Pics\images\cls63s.png","1.36","Ready to upload as image/png."
"Ready","club","club.png","D:\GTA MOD DL's\Vehicles\GTA Popgroups Tool\Car Pics\images\club.png","0.39","Ready to upload as image/png."
"Ready","coach","coach.png","D:\GTA MOD DL's\Vehicles\GTA Popgroups Tool\Car Pics\images\coach.png","0.35","Ready to upload as image/png."
"Ready","cobra","cobra.png","D:\GTA MOD DL's\Vehicles\GTA Popgroups Tool\Car Pics\images\cobra.png","0.91","Ready to upload as image/png."
"Ready","coe54t","coe54t.png","D:\GTA MOD DL's\Vehicles\GTA Popgroups Tool\Car Pics\images\coe54t.png","0.66","Ready to upload as image/png."
"Ready","cog55","Cog55.png","D:\GTA MOD DL's\Vehicles\GTA Popgroups Tool\Car Pics\images\Cog55.png","0.41","Ready to upload as image/png."
"Ready","cog552","Cog552.png","D:\GTA MOD DL's\Vehicles\GTA Popgroups Tool\Car Pics\images\Cog552.png","0.35","Ready to upload as image/png."
"Ready","cogcabrio","CogCabrio.png","D:\GTA MOD DL's\Vehicles\GTA Popgroups Tool\Car Pics\images\CogCabrio.png","0.38","Ready to upload as image/png."
"Ready","cognoscenti","Cognoscenti.png","D:\GTA MOD DL's\Vehicles\GTA Popgroups Tool\Car Pics\images\Cognoscenti.png","0.39","Ready to upload as image/png."
"Ready","cognoscenti2","Cognoscenti2.png","D:\GTA MOD DL's\Vehicles\GTA Popgroups Tool\Car Pics\images\Cognoscenti2.png","0.36","Ready to upload as image/png."
"Ready","comet2","Comet2.png","D:\GTA MOD DL's\Vehicles\GTA Popgroups Tool\Car Pics\images\Comet2.png","0.36","Ready to upload as image/png."
"Ready","comet3","Comet3.png","D:\GTA MOD DL's\Vehicles\GTA Popgroups Tool\Car Pics\images\Comet3.png","0.37","Ready to upload as image/png."
"Ready","comet4","Comet4.png","D:\GTA MOD DL's\Vehicles\GTA Popgroups Tool\Car Pics\images\Comet4.png","0.38","Ready to upload as image/png."
"Ready","comet5","Comet5.png","D:\GTA MOD DL's\Vehicles\GTA Popgroups Tool\Car Pics\images\Comet5.png","0.36","Ready to upload as image/png."
"Ready","comet6","comet6.png","D:\GTA MOD DL's\Vehicles\GTA Popgroups Tool\Car Pics\images\comet6.png","0.36","Ready to upload as image/png."
"Ready","comet7","comet7.png","D:\GTA MOD DL's\Vehicles\GTA Popgroups Tool\Car Pics\images\comet7.png","0.35","Ready to upload as image/png."
"Ready","conada","Conada.png","D:\GTA MOD DL's\Vehicles\GTA Popgroups Tool\Car Pics\images\Conada.png","0.45","Ready to upload as image/png."
"Ready","conada2","Conada2.png","D:\GTA MOD DL's\Vehicles\GTA Popgroups Tool\Car Pics\images\Conada2.png","0.41","Ready to upload as image/png."
"Ready","contender","Contender.png","D:\GTA MOD DL's\Vehicles\GTA Popgroups Tool\Car Pics\images\Contender.png","0.35","Ready to upload as image/png."
"Ready","coquette","Coquette.png","D:\GTA MOD DL's\Vehicles\GTA Popgroups Tool\Car Pics\images\Coquette.png","0.35","Ready to upload as image/png."
"Ready","coquette1","coquette1.png","D:\GTA MOD DL's\Vehicles\GTA Popgroups Tool\Car Pics\images\coquette1.png","1.1","Ready to upload as image/png."
"Ready","coquette2","Coquette2.png","D:\GTA MOD DL's\Vehicles\GTA Popgroups Tool\Car Pics\images\Coquette2.png","0.38","Ready to upload as image/png."
"Ready","coquette3","Coquette3.png","D:\GTA MOD DL's\Vehicles\GTA Popgroups Tool\Car Pics\images\Coquette3.png","0.41","Ready to upload as image/png."
"Ready","coquette4","coquette4.png","D:\GTA MOD DL's\Vehicles\GTA Popgroups Tool\Car Pics\images\coquette4.png","0.35","Ready to upload as image/png."
"Ready","coquette5","coquette5.png","D:\GTA MOD DL's\Vehicles\GTA Popgroups Tool\Car Pics\images\coquette5.png","0.37","Ready to upload as image/png."
"Ready","coquette6","coquette6.png","D:\GTA MOD DL's\Vehicles\GTA Popgroups Tool\Car Pics\images\coquette6.png","0.38","Ready to upload as image/png."
"Ready","corolla94","corolla94.png","D:\GTA MOD DL's\Vehicles\GTA Popgroups Tool\Car Pics\images\corolla94.png","0.8","Ready to upload as image/png."
"Ready","corsita","corsita.png","D:\GTA MOD DL's\Vehicles\GTA Popgroups Tool\Car Pics\images\corsita.png","0.34","Ready to upload as image/png."
"Ready","coureur","Coureur.png","D:\GTA MOD DL's\Vehicles\GTA Popgroups Tool\Car Pics\images\Coureur.png","0.38","Ready to upload as image/png."
"Ready","cruiser","Cruiser.png","D:\GTA MOD DL's\Vehicles\GTA Popgroups Tool\Car Pics\images\Cruiser.png","0.34","Ready to upload as image/png."
"Ready","crusader","Crusader.png","D:\GTA MOD DL's\Vehicles\GTA Popgroups Tool\Car Pics\images\Crusader.png","0.36","Ready to upload as image/png."
"Ready","cuban800","Cuban800.png","D:\GTA MOD DL's\Vehicles\GTA Popgroups Tool\Car Pics\images\Cuban800.png","0.34","Ready to upload as image/png."
"Ready","custom75s","custom75s.png","D:\GTA MOD DL's\Vehicles\GTA Popgroups Tool\Car Pics\images\custom75s.png","0.87","Ready to upload as image/png."
"Ready","cutter","Cutter.png","D:\GTA MOD DL's\Vehicles\GTA Popgroups Tool\Car Pics\images\Cutter.png","0.41","Ready to upload as image/png."
"Ready","cv01s","cv01s.png","D:\GTA MOD DL's\Vehicles\GTA Popgroups Tool\Car Pics\images\cv01s.png","0.69","Ready to upload as image/png."
"Ready","cv02t","cv02t.png","D:\GTA MOD DL's\Vehicles\GTA Popgroups Tool\Car Pics\images\cv02t.png","0.69","Ready to upload as image/png."
"Ready","cv07p","cv07p.png","D:\GTA MOD DL's\Vehicles\GTA Popgroups Tool\Car Pics\images\cv07p.png","0.71","Ready to upload as image/png."
"Ready","cv11","cv11.png","D:\GTA MOD DL's\Vehicles\GTA Popgroups Tool\Car Pics\images\cv11.png","0.7","Ready to upload as image/png."
"Ready","cv11t","cv11t.png","D:\GTA MOD DL's\Vehicles\GTA Popgroups Tool\Car Pics\images\cv11t.png","0.73","Ready to upload as image/png."
"Ready","cv88","cv88.png","D:\GTA MOD DL's\Vehicles\GTA Popgroups Tool\Car Pics\images\cv88.png","0.69","Ready to upload as image/png."
"Ready","cv91","cv91.png","D:\GTA MOD DL's\Vehicles\GTA Popgroups Tool\Car Pics\images\cv91.png","0.75","Ready to upload as image/png."
"Ready","cv92","cv92.png","D:\GTA MOD DL's\Vehicles\GTA Popgroups Tool\Car Pics\images\cv92.png","0.77","Ready to upload as image/png."
"Ready","cv94","cv94.png","D:\GTA MOD DL's\Vehicles\GTA Popgroups Tool\Car Pics\images\cv94.png","0.72","Ready to upload as image/png."
"Ready","cv95","cv95.png","D:\GTA MOD DL's\Vehicles\GTA Popgroups Tool\Car Pics\images\cv95.png","0.7","Ready to upload as image/png."
"Ready","cv95p","cv95p.png","D:\GTA MOD DL's\Vehicles\GTA Popgroups Tool\Car Pics\images\cv95p.png","0.7","Ready to upload as image/png."
"Ready","cv98","cv98.png","D:\GTA MOD DL's\Vehicles\GTA Popgroups Tool\Car Pics\images\cv98.png","0.72","Ready to upload as image/png."
"Ready","cv98lw","cv98lw.png","D:\GTA MOD DL's\Vehicles\GTA Popgroups Tool\Car Pics\images\cv98lw.png","0.71","Ready to upload as image/png."
"Ready","cv98p","cv98p.png","D:\GTA MOD DL's\Vehicles\GTA Popgroups Tool\Car Pics\images\cv98p.png","0.7","Ready to upload as image/png."
"Ready","cyclone","Cyclone.png","D:\GTA MOD DL's\Vehicles\GTA Popgroups Tool\Car Pics\images\Cyclone.png","0.36","Ready to upload as image/png."
"Ready","cyclone2","Cyclone2.png","D:\GTA MOD DL's\Vehicles\GTA Popgroups Tool\Car Pics\images\Cyclone2.png","0.4","Ready to upload as image/png."
"Ready","cyphart","cyphart.png","D:\GTA MOD DL's\Vehicles\GTA Popgroups Tool\Car Pics\images\cyphart.png","0.63","Ready to upload as image/png."
"Ready","cyphartwb","cyphartwb.png","D:\GTA MOD DL's\Vehicles\GTA Popgroups Tool\Car Pics\images\cyphartwb.png","0.68","Ready to upload as image/png."
"Ready","cypher","cypher.png","D:\GTA MOD DL's\Vehicles\GTA Popgroups Tool\Car Pics\images\cypher.png","0.35","Ready to upload as image/png."
"Ready","cypherwbs","cypherwbs.png","D:\GTA MOD DL's\Vehicles\GTA Popgroups Tool\Car Pics\images\cypherwbs.png","0.73","Ready to upload as image/png."
"Ready","daemon","Daemon.png","D:\GTA MOD DL's\Vehicles\GTA Popgroups Tool\Car Pics\images\Daemon.png","0.35","Ready to upload as image/png."
"Ready","daemon2","Daemon2.png","D:\GTA MOD DL's\Vehicles\GTA Popgroups Tool\Car Pics\images\Daemon2.png","0.38","Ready to upload as image/png."
"Ready","deathbike","deathbike.png","D:\GTA MOD DL's\Vehicles\GTA Popgroups Tool\Car Pics\images\deathbike.png","0.29","Ready to upload as image/png."
"Ready","deathbike2","deathbike2.png","D:\GTA MOD DL's\Vehicles\GTA Popgroups Tool\Car Pics\images\deathbike2.png","0.3","Ready to upload as image/png."
"Ready","deathbike3","deathbike3.png","D:\GTA MOD DL's\Vehicles\GTA Popgroups Tool\Car Pics\images\deathbike3.png","0.3","Ready to upload as image/png."
"Ready","defiler","Defiler.png","D:\GTA MOD DL's\Vehicles\GTA Popgroups Tool\Car Pics\images\Defiler.png","0.34","Ready to upload as image/png."
"Ready","deity","deity.png","D:\GTA MOD DL's\Vehicles\GTA Popgroups Tool\Car Pics\images\deity.png","0.44","Ready to upload as image/png."
"Ready","deluxo","Deluxo.png","D:\GTA MOD DL's\Vehicles\GTA Popgroups Tool\Car Pics\images\Deluxo.png","0.38","Ready to upload as image/png."
"Ready","deveste","deveste.png","D:\GTA MOD DL's\Vehicles\GTA Popgroups Tool\Car Pics\images\deveste.png","0.4","Ready to upload as image/png."
"Ready","deviant","deviant.png","D:\GTA MOD DL's\Vehicles\GTA Popgroups Tool\Car Pics\images\deviant.png","0.37","Ready to upload as image/png."
"Ready","deville95","deville95.jpg","D:\GTA MOD DL's\Vehicles\GTA Popgroups Tool\Car Pics\images\deville95.jpg","0.68","Ready to upload as image/jpeg."
"Ready","deville95lw","deville95lw.png","D:\GTA MOD DL's\Vehicles\GTA Popgroups Tool\Car Pics\images\deville95lw.png","0.74","Ready to upload as image/png."
"Ready","diablostallion","diablostallion.png","D:\GTA MOD DL's\Vehicles\GTA Popgroups Tool\Car Pics\images\diablostallion.png","1.57","Ready to upload as image/png."
"Ready","diablous","diablous.png","D:\GTA MOD DL's\Vehicles\GTA Popgroups Tool\Car Pics\images\diablous.png","0.33","Ready to upload as image/png."
"Ready","diablous2","diablous2.png","D:\GTA MOD DL's\Vehicles\GTA Popgroups Tool\Car Pics\images\diablous2.png","0.33","Ready to upload as image/png."
"Ready","dilettante","Dilettante.png","D:\GTA MOD DL's\Vehicles\GTA Popgroups Tool\Car Pics\images\Dilettante.png","0.34","Ready to upload as image/png."
"Ready","dilettante2","Dilettante2.png","D:\GTA MOD DL's\Vehicles\GTA Popgroups Tool\Car Pics\images\Dilettante2.png","0.33","Ready to upload as image/png."
"Ready","dinghy","Dinghy.png","D:\GTA MOD DL's\Vehicles\GTA Popgroups Tool\Car Pics\images\Dinghy.png","0.31","Ready to upload as image/png."
"Ready","dinghy2","Dinghy2.png","D:\GTA MOD DL's\Vehicles\GTA Popgroups Tool\Car Pics\images\Dinghy2.png","0.27","Ready to upload as image/png."
"Ready","dinghy3","Dinghy3.png","D:\GTA MOD DL's\Vehicles\GTA Popgroups Tool\Car Pics\images\Dinghy3.png","0.28","Ready to upload as image/png."
"Ready","dinghy4","Dinghy4.png","D:\GTA MOD DL's\Vehicles\GTA Popgroups Tool\Car Pics\images\Dinghy4.png","0.33","Ready to upload as image/png."
"Ready","dinghy5","Dinghy5.png","D:\GTA MOD DL's\Vehicles\GTA Popgroups Tool\Car Pics\images\Dinghy5.png","0.28","Ready to upload as image/png."
"Ready","dloader","dloader.png","D:\GTA MOD DL's\Vehicles\GTA Popgroups Tool\Car Pics\images\dloader.png","0.4","Ready to upload as image/png."
"Ready","docktrailer","Docktrailer.png","D:\GTA MOD DL's\Vehicles\GTA Popgroups Tool\Car Pics\images\Docktrailer.png","0.34","Ready to upload as image/png."
"Ready","docktug","Docktug.png","D:\GTA MOD DL's\Vehicles\GTA Popgroups Tool\Car Pics\images\Docktug.png","0.39","Ready to upload as image/png."
"Ready","dodo","dodo.png","D:\GTA MOD DL's\Vehicles\GTA Popgroups Tool\Car Pics\images\dodo.png","0.39","Ready to upload as image/png."
"Ready","dominator","Dominator.png","D:\GTA MOD DL's\Vehicles\GTA Popgroups Tool\Car Pics\images\Dominator.png","0.39","Ready to upload as image/png."
"Ready","dominator10","dominator10.png","D:\GTA MOD DL's\Vehicles\GTA Popgroups Tool\Car Pics\images\dominator10.png","0.36","Ready to upload as image/png."
"Ready","dominator2","Dominator2.png","D:\GTA MOD DL's\Vehicles\GTA Popgroups Tool\Car Pics\images\Dominator2.png","0.46","Ready to upload as image/png."
"Ready","dominator3","Dominator3.png","D:\GTA MOD DL's\Vehicles\GTA Popgroups Tool\Car Pics\images\Dominator3.png","0.29","Ready to upload as image/png."
"Ready","dominator3wb","dominator3wb.png","D:\GTA MOD DL's\Vehicles\GTA Popgroups Tool\Car Pics\images\dominator3wb.png","0.69","Ready to upload as image/png."
"Ready","dominator4","Dominator4.png","D:\GTA MOD DL's\Vehicles\GTA Popgroups Tool\Car Pics\images\Dominator4.png","0.39","Ready to upload as image/png."
"Ready","dominator5","dominator5.png","D:\GTA MOD DL's\Vehicles\GTA Popgroups Tool\Car Pics\images\dominator5.png","0.28","Ready to upload as image/png."
"Ready","dominator6","Dominator6.png","D:\GTA MOD DL's\Vehicles\GTA Popgroups Tool\Car Pics\images\Dominator6.png","0.39","Ready to upload as image/png."
"Ready","dominator7","dominator7.png","D:\GTA MOD DL's\Vehicles\GTA Popgroups Tool\Car Pics\images\dominator7.png","0.4","Ready to upload as image/png."
"Ready","dominator8","dominator8.png","D:\GTA MOD DL's\Vehicles\GTA Popgroups Tool\Car Pics\images\dominator8.png","0.38","Ready to upload as image/png."
"Ready","dominator9","Dominator9.png","D:\GTA MOD DL's\Vehicles\GTA Popgroups Tool\Car Pics\images\Dominator9.png","0.39","Ready to upload as image/png."
"Ready","dorado","Dorado.png","D:\GTA MOD DL's\Vehicles\GTA Popgroups Tool\Car Pics\images\Dorado.png","0.39","Ready to upload as image/png."
"Ready","double","Double.png","D:\GTA MOD DL's\Vehicles\GTA Popgroups Tool\Car Pics\images\Double.png","0.35","Ready to upload as image/png."
"Ready","dppolice","dppolice.png","D:\GTA MOD DL's\Vehicles\GTA Popgroups Tool\Car Pics\images\dppolice.png","0.7","Ready to upload as image/png."
"Ready","dppolice2","dppolice2.png","D:\GTA MOD DL's\Vehicles\GTA Popgroups Tool\Car Pics\images\dppolice2.png","0.61","Ready to upload as image/png."
"Ready","dppolice3","dppolice3.png","D:\GTA MOD DL's\Vehicles\GTA Popgroups Tool\Car Pics\images\dppolice3.png","0.55","Ready to upload as image/png."
"Ready","dppolicek9","dppolicek9.png","D:\GTA MOD DL's\Vehicles\GTA Popgroups Tool\Car Pics\images\dppolicek9.png","0.73","Ready to upload as image/png."
"Ready","drafter","drafter.png","D:\GTA MOD DL's\Vehicles\GTA Popgroups Tool\Car Pics\images\drafter.png","0.37","Ready to upload as image/png."
"Ready","draugur","draugur.png","D:\GTA MOD DL's\Vehicles\GTA Popgroups Tool\Car Pics\images\draugur.png","0.41","Ready to upload as image/png."
"Ready","driftchavosv6","driftchavosv6.png","D:\GTA MOD DL's\Vehicles\GTA Popgroups Tool\Car Pics\images\driftchavosv6.png","0.34","Ready to upload as image/png."
"Ready","driftcheburek","driftCheburek.png","D:\GTA MOD DL's\Vehicles\GTA Popgroups Tool\Car Pics\images\driftCheburek.png","0.34","Ready to upload as image/png."
"Ready","driftcypher","driftcypher.png","D:\GTA MOD DL's\Vehicles\GTA Popgroups Tool\Car Pics\images\driftcypher.png","0.35","Ready to upload as image/png."
"Ready","driftdominator10","driftdominator10.png","D:\GTA MOD DL's\Vehicles\GTA Popgroups Tool\Car Pics\images\driftdominator10.png","0.36","Ready to upload as image/png."
"Ready","driftdominator9","driftdominator9.png","D:\GTA MOD DL's\Vehicles\GTA Popgroups Tool\Car Pics\images\driftdominator9.png","0.33","Ready to upload as image/png."
"Ready","drifteuros","drifteuros.png","D:\GTA MOD DL's\Vehicles\GTA Popgroups Tool\Car Pics\images\drifteuros.png","0.39","Ready to upload as image/png."
"Ready","driftfr36","driftFR36.png","D:\GTA MOD DL's\Vehicles\GTA Popgroups Tool\Car Pics\images\driftFR36.png","0.4","Ready to upload as image/png."
"Ready","driftfuto","driftfuto.png","D:\GTA MOD DL's\Vehicles\GTA Popgroups Tool\Car Pics\images\driftfuto.png","0.31","Ready to upload as image/png."
"Ready","driftfuto2","driftfuto2.png","D:\GTA MOD DL's\Vehicles\GTA Popgroups Tool\Car Pics\images\driftfuto2.png","0.31","Ready to upload as image/png."
"Ready","driftgauntlet4","driftgauntlet4.png","D:\GTA MOD DL's\Vehicles\GTA Popgroups Tool\Car Pics\images\driftgauntlet4.png","0.37","Ready to upload as image/png."
"Ready","drifthardy","drifthardy.png","D:\GTA MOD DL's\Vehicles\GTA Popgroups Tool\Car Pics\images\drifthardy.png","0.36","Ready to upload as image/png."
"Ready","driftjester","driftjester.png","D:\GTA MOD DL's\Vehicles\GTA Popgroups Tool\Car Pics\images\driftjester.png","0.36","Ready to upload as image/png."
"Ready","driftjester3","driftJester3.png","D:\GTA MOD DL's\Vehicles\GTA Popgroups Tool\Car Pics\images\driftJester3.png","0.31","Ready to upload as image/png."
"Ready","driftkeitora","driftkeitora.png","D:\GTA MOD DL's\Vehicles\GTA Popgroups Tool\Car Pics\images\driftkeitora.png","0.41","Ready to upload as image/png."
"Ready","driftl352","driftl352.png","D:\GTA MOD DL's\Vehicles\GTA Popgroups Tool\Car Pics\images\driftl352.png","0.4","Ready to upload as image/png."
"Ready","driftnebula","driftnebula.png","D:\GTA MOD DL's\Vehicles\GTA Popgroups Tool\Car Pics\images\driftnebula.png","0.41","Ready to upload as image/png."
"Ready","driftremus","driftremus.png","D:\GTA MOD DL's\Vehicles\GTA Popgroups Tool\Car Pics\images\driftremus.png","0.39","Ready to upload as image/png."
"Ready","driftrt3000","driftrt3000.png","D:\GTA MOD DL's\Vehicles\GTA Popgroups Tool\Car Pics\images\driftrt3000.png","0.41","Ready to upload as image/png."
"Ready","driftsentinel","driftsentinel.png","D:\GTA MOD DL's\Vehicles\GTA Popgroups Tool\Car Pics\images\driftsentinel.png","0.41","Ready to upload as image/png."
"Ready","driftsentinel2","driftsentinel2.png","D:\GTA MOD DL's\Vehicles\GTA Popgroups Tool\Car Pics\images\driftsentinel2.png","0.4","Ready to upload as image/png."
"Ready","drifttampa","drifttampa.png","D:\GTA MOD DL's\Vehicles\GTA Popgroups Tool\Car Pics\images\drifttampa.png","0.34","Ready to upload as image/png."
"Ready","driftvorschlag","driftvorschlag.png","D:\GTA MOD DL's\Vehicles\GTA Popgroups Tool\Car Pics\images\driftvorschlag.png","0.36","Ready to upload as image/png."
"Ready","driftyosemite","driftyosemite.png","D:\GTA MOD DL's\Vehicles\GTA Popgroups Tool\Car Pics\images\driftyosemite.png","0.4","Ready to upload as image/png."
"Ready","driftzr350","driftzr350.png","D:\GTA MOD DL's\Vehicles\GTA Popgroups Tool\Car Pics\images\driftzr350.png","0.36","Ready to upload as image/png."
"Ready","ds3","ds3.png","D:\GTA MOD DL's\Vehicles\GTA Popgroups Tool\Car Pics\images\ds3.png","1.22","Ready to upload as image/png."
"Ready","dubsta","Dubsta.png","D:\GTA MOD DL's\Vehicles\GTA Popgroups Tool\Car Pics\images\Dubsta.png","0.34","Ready to upload as image/png."
"Ready","dubsta_grovados","dubsta_grovados.png","D:\GTA MOD DL's\Vehicles\GTA Popgroups Tool\Car Pics\images\dubsta_grovados.png","0.57","Ready to upload as image/png."
"Ready","dubsta2","Dubsta2.png","D:\GTA MOD DL's\Vehicles\GTA Popgroups Tool\Car Pics\images\Dubsta2.png","0.36","Ready to upload as image/png."
"Ready","dubsta3","dubsta3.png","D:\GTA MOD DL's\Vehicles\GTA Popgroups Tool\Car Pics\images\dubsta3.png","0.4","Ready to upload as image/png."
"Ready","dukes","Dukes.png","D:\GTA MOD DL's\Vehicles\GTA Popgroups Tool\Car Pics\images\Dukes.png","0.37","Ready to upload as image/png."
"Ready","dukes2","Dukes2.png","D:\GTA MOD DL's\Vehicles\GTA Popgroups Tool\Car Pics\images\Dukes2.png","0.35","Ready to upload as image/png."
"Ready","dukes3","dukes3.png","D:\GTA MOD DL's\Vehicles\GTA Popgroups Tool\Car Pics\images\dukes3.png","0.39","Ready to upload as image/png."
"Ready","dump","Dump.png","D:\GTA MOD DL's\Vehicles\GTA Popgroups Tool\Car Pics\images\Dump.png","0.41","Ready to upload as image/png."
"Ready","dune","dune.png","D:\GTA MOD DL's\Vehicles\GTA Popgroups Tool\Car Pics\images\dune.png","0.45","Ready to upload as image/png."
"Ready","dune2","dune2.png","D:\GTA MOD DL's\Vehicles\GTA Popgroups Tool\Car Pics\images\dune2.png","0.42","Ready to upload as image/png."
"Ready","dune3","Dune3.png","D:\GTA MOD DL's\Vehicles\GTA Popgroups Tool\Car Pics\images\Dune3.png","0.36","Ready to upload as image/png."
"Ready","dune4","dune4.png","D:\GTA MOD DL's\Vehicles\GTA Popgroups Tool\Car Pics\images\dune4.png","0.44","Ready to upload as image/png."
"Ready","dune5","dune5.png","D:\GTA MOD DL's\Vehicles\GTA Popgroups Tool\Car Pics\images\dune5.png","0.44","Ready to upload as image/png."
"Ready","durango96","durango96.png","D:\GTA MOD DL's\Vehicles\GTA Popgroups Tool\Car Pics\images\durango96.png","0.5","Ready to upload as image/png."
"Ready","duster","duster.png","D:\GTA MOD DL's\Vehicles\GTA Popgroups Tool\Car Pics\images\duster.png","0.41","Ready to upload as image/png."
"Ready","duster2","duster2.png","D:\GTA MOD DL's\Vehicles\GTA Popgroups Tool\Car Pics\images\duster2.png","0.45","Ready to upload as image/png."
"Ready","Dynasty","dynasty.png","D:\GTA MOD DL's\Vehicles\GTA Popgroups Tool\Car Pics\images\dynasty.png","0.37","Ready to upload as image/png."
"Ready","e15082","e15082.png","D:\GTA MOD DL's\Vehicles\GTA Popgroups Tool\Car Pics\images\e15082.png","0.74","Ready to upload as image/png."
"Ready","e400w213","e400w213.png","D:\GTA MOD DL's\Vehicles\GTA Popgroups Tool\Car Pics\images\e400w213.png","1.33","Ready to upload as image/png."
"Ready","e63w213","E63W213.png","D:\GTA MOD DL's\Vehicles\GTA Popgroups Tool\Car Pics\images\E63W213.png","1.14","Ready to upload as image/png."
"Unmatched","eclipsespydertrg","eclipsespydertrg.png","D:\GTA MOD DL's\Vehicles\GTA Popgroups Tool\Car Pics\images\eclipsespydertrg.png","1.74","No matching D1 vehicle model."
"Ready","eldorado68","eldorado68.png","D:\GTA MOD DL's\Vehicles\GTA Popgroups Tool\Car Pics\images\eldorado68.png","0.76","Ready to upload as image/png."
"Ready","elegy","Elegy.png","D:\GTA MOD DL's\Vehicles\GTA Popgroups Tool\Car Pics\images\Elegy.png","0.36","Ready to upload as image/png."
"Ready","elegy2","Elegy2.png","D:\GTA MOD DL's\Vehicles\GTA Popgroups Tool\Car Pics\images\Elegy2.png","0.38","Ready to upload as image/png."
"Ready","ellie","Ellie.png","D:\GTA MOD DL's\Vehicles\GTA Popgroups Tool\Car Pics\images\Ellie.png","0.31","Ready to upload as image/png."
"Ready","emerus","emerus.png","D:\GTA MOD DL's\Vehicles\GTA Popgroups Tool\Car Pics\images\emerus.png","0.36","Ready to upload as image/png."
"Ready","emperor","Emperor.png","D:\GTA MOD DL's\Vehicles\GTA Popgroups Tool\Car Pics\images\Emperor.png","0.4","Ready to upload as image/png."
"Ready","emperor2","Emperor2.png","D:\GTA MOD DL's\Vehicles\GTA Popgroups Tool\Car Pics\images\Emperor2.png","0.44","Ready to upload as image/png."
"Ready","emperor3","Emperor3.png","D:\GTA MOD DL's\Vehicles\GTA Popgroups Tool\Car Pics\images\Emperor3.png","0.39","Ready to upload as image/png."
"Ready","enduro","Enduro.png","D:\GTA MOD DL's\Vehicles\GTA Popgroups Tool\Car Pics\images\Enduro.png","0.46","Ready to upload as image/png."
"Ready","entity2","Entity2.png","D:\GTA MOD DL's\Vehicles\GTA Popgroups Tool\Car Pics\images\Entity2.png","0.33","Ready to upload as image/png."
"Ready","entity3","Entity3.png","D:\GTA MOD DL's\Vehicles\GTA Popgroups Tool\Car Pics\images\Entity3.png","0.39","Ready to upload as image/png."
"Ready","entityxf","EntityXF.png","D:\GTA MOD DL's\Vehicles\GTA Popgroups Tool\Car Pics\images\EntityXF.png","0.38","Ready to upload as image/png."
"Ready","envisage","envisage.png","D:\GTA MOD DL's\Vehicles\GTA Popgroups Tool\Car Pics\images\envisage.png","0.37","Ready to upload as image/png."
"Ready","escalade02","escalade02.png","D:\GTA MOD DL's\Vehicles\GTA Popgroups Tool\Car Pics\images\escalade02.png","0.57","Ready to upload as image/png."
"Ready","esperanto","esperanto.png","D:\GTA MOD DL's\Vehicles\GTA Popgroups Tool\Car Pics\images\esperanto.png","1.26","Ready to upload as image/png."
"Ready","esskey","Esskey.png","D:\GTA MOD DL's\Vehicles\GTA Popgroups Tool\Car Pics\images\Esskey.png","0.28","Ready to upload as image/png."
"Ready","eudora","Eudora.png","D:\GTA MOD DL's\Vehicles\GTA Popgroups Tool\Car Pics\images\Eudora.png","0.38","Ready to upload as image/png."
"Ready","euros","euros.png","D:\GTA MOD DL's\Vehicles\GTA Popgroups Tool\Car Pics\images\euros.png","0.39","Ready to upload as image/png."
"Ready","eurosX32","eurosX32.png","D:\GTA MOD DL's\Vehicles\GTA Popgroups Tool\Car Pics\images\eurosX32.png","0.36","Ready to upload as image/png."
"Ready","everon","everon.png","D:\GTA MOD DL's\Vehicles\GTA Popgroups Tool\Car Pics\images\everon.png","0.39","Ready to upload as image/png."
"Ready","everon2","Everon2.png","D:\GTA MOD DL's\Vehicles\GTA Popgroups Tool\Car Pics\images\Everon2.png","0.44","Ready to upload as image/png."
"Ready","everon3","everon3.png","D:\GTA MOD DL's\Vehicles\GTA Popgroups Tool\Car Pics\images\everon3.png","0.39","Ready to upload as image/png."
"Unmatched","evija","evija.png","D:\GTA MOD DL's\Vehicles\GTA Popgroups Tool\Car Pics\images\evija.png","1.24","No matching D1 vehicle model."
"Ready","exemplar","Exemplar.png","D:\GTA MOD DL's\Vehicles\GTA Popgroups Tool\Car Pics\images\Exemplar.png","0.39","Ready to upload as image/png."
"Ready","exor","exor.png","D:\GTA MOD DL's\Vehicles\GTA Popgroups Tool\Car Pics\images\exor.png","1.2","Ready to upload as image/png."
"Ready","f15084","f15084.png","D:\GTA MOD DL's\Vehicles\GTA Popgroups Tool\Car Pics\images\f15084.png","0.56","Ready to upload as image/png."
"Ready","f40","f40.png","D:\GTA MOD DL's\Vehicles\GTA Popgroups Tool\Car Pics\images\f40.png","1.14","Ready to upload as image/png."
"Ready","f620","F620.png","D:\GTA MOD DL's\Vehicles\GTA Popgroups Tool\Car Pics\images\F620.png","0.38","Ready to upload as image/png."
"Ready","f812","F812.png","D:\GTA MOD DL's\Vehicles\GTA Popgroups Tool\Car Pics\images\F812.png","1.33","Ready to upload as image/png."
"Ready","f82","f82.png","D:\GTA MOD DL's\Vehicles\GTA Popgroups Tool\Car Pics\images\f82.png","1.36","Ready to upload as image/png."
"Ready","f824slw","f824slw.png","D:\GTA MOD DL's\Vehicles\GTA Popgroups Tool\Car Pics\images\f824slw.png","1.38","Ready to upload as image/png."
"Ready","f82duke","f82duke.png","D:\GTA MOD DL's\Vehicles\GTA Popgroups Tool\Car Pics\images\f82duke.png","1.19","Ready to upload as image/png."
"Ready","f82hs","f82hs.png","D:\GTA MOD DL's\Vehicles\GTA Popgroups Tool\Car Pics\images\f82hs.png","1.4","Ready to upload as image/png."
"Ready","f82lw","f82lw.png","D:\GTA MOD DL's\Vehicles\GTA Popgroups Tool\Car Pics\images\f82lw.png","1.13","Ready to upload as image/png."
"Ready","f82st","f82st.png","D:\GTA MOD DL's\Vehicles\GTA Popgroups Tool\Car Pics\images\f82st.png","1.36","Ready to upload as image/png."
"Unmatched","f8sxtributo","f8sxtributo.png","D:\GTA MOD DL's\Vehicles\GTA Popgroups Tool\Car Pics\images\f8sxtributo.png","1.29","No matching D1 vehicle model."
"Ready","faction","Faction.png","D:\GTA MOD DL's\Vehicles\GTA Popgroups Tool\Car Pics\images\Faction.png","0.37","Ready to upload as image/png."
"Ready","faction2","Faction2.png","D:\GTA MOD DL's\Vehicles\GTA Popgroups Tool\Car Pics\images\Faction2.png","0.42","Ready to upload as image/png."
"Ready","faction3","Faction3.png","D:\GTA MOD DL's\Vehicles\GTA Popgroups Tool\Car Pics\images\Faction3.png","0.36","Ready to upload as image/png."
"Ready","fagaloa","Fagaloa.png","D:\GTA MOD DL's\Vehicles\GTA Popgroups Tool\Car Pics\images\Fagaloa.png","0.3","Ready to upload as image/png."
"Ready","faggio","Faggio.png","D:\GTA MOD DL's\Vehicles\GTA Popgroups Tool\Car Pics\images\Faggio.png","0.45","Ready to upload as image/png."
"Ready","faggio2","Faggio2.png","D:\GTA MOD DL's\Vehicles\GTA Popgroups Tool\Car Pics\images\Faggio2.png","0.39","Ready to upload as image/png."
"Ready","faggio3","Faggio3.png","D:\GTA MOD DL's\Vehicles\GTA Popgroups Tool\Car Pics\images\Faggio3.png","0.34","Ready to upload as image/png."
"Ready","fairlane64","fairlane64.png","D:\GTA MOD DL's\Vehicles\GTA Popgroups Tool\Car Pics\images\fairlane64.png","0.91","Ready to upload as image/png."
"Ready","fbi","Fbi.png","D:\GTA MOD DL's\Vehicles\GTA Popgroups Tool\Car Pics\images\Fbi.png","0.33","Ready to upload as image/png."
"Ready","fbi2","Fbi2.png","D:\GTA MOD DL's\Vehicles\GTA Popgroups Tool\Car Pics\images\Fbi2.png","0.35","Ready to upload as image/png."
"Ready","FBI2old","fbi2old.png","D:\GTA MOD DL's\Vehicles\GTA Popgroups Tool\Car Pics\images\fbi2old.png","0.56","Ready to upload as image/png."
"Ready","FBI3","fbi3.png","D:\GTA MOD DL's\Vehicles\GTA Popgroups Tool\Car Pics\images\fbi3.png","0.61","Ready to upload as image/png."
"Ready","fbiold","fbiold.png","D:\GTA MOD DL's\Vehicles\GTA Popgroups Tool\Car Pics\images\fbiold.png","0.6","Ready to upload as image/png."
"Ready","fbiold2","fbiold2.png","D:\GTA MOD DL's\Vehicles\GTA Popgroups Tool\Car Pics\images\fbiold2.png","0.61","Ready to upload as image/png."
"Ready","fbipolice","fbipolice.png","D:\GTA MOD DL's\Vehicles\GTA Popgroups Tool\Car Pics\images\fbipolice.png","0.78","Ready to upload as image/png."
"Ready","fbipolice2","fbipolice2.png","D:\GTA MOD DL's\Vehicles\GTA Popgroups Tool\Car Pics\images\fbipolice2.png","0.71","Ready to upload as image/png."
"Ready","fbipolice3","fbipolice3.png","D:\GTA MOD DL's\Vehicles\GTA Popgroups Tool\Car Pics\images\fbipolice3.png","0.62","Ready to upload as image/png."
"Ready","FBIR","fbir.png","D:\GTA MOD DL's\Vehicles\GTA Popgroups Tool\Car Pics\images\fbir.png","0.6","Ready to upload as image/png."
"Ready","FBIR2","fbir2.png","D:\GTA MOD DL's\Vehicles\GTA Popgroups Tool\Car Pics\images\fbir2.png","0.58","Ready to upload as image/png."
"Ready","FBIR2a","fbir2a.png","D:\GTA MOD DL's\Vehicles\GTA Popgroups Tool\Car Pics\images\fbir2a.png","0.57","Ready to upload as image/png."
"Ready","FBIR3","fbir3.png","D:\GTA MOD DL's\Vehicles\GTA Popgroups Tool\Car Pics\images\fbir3.png","0.54","Ready to upload as image/png."
"Ready","FBIR3a","fbir3a.png","D:\GTA MOD DL's\Vehicles\GTA Popgroups Tool\Car Pics\images\fbir3a.png","0.48","Ready to upload as image/png."
"Ready","FBIRa","fbira.png","D:\GTA MOD DL's\Vehicles\GTA Popgroups Tool\Car Pics\images\fbira.png","0.54","Ready to upload as image/png."
"Ready","fbit","fbit.png","D:\GTA MOD DL's\Vehicles\GTA Popgroups Tool\Car Pics\images\fbit.png","0.65","Ready to upload as image/png."
"Ready","fbit2","fbit2.png","D:\GTA MOD DL's\Vehicles\GTA Popgroups Tool\Car Pics\images\fbit2.png","0.63","Ready to upload as image/png."
"Ready","fcr","fcr.png","D:\GTA MOD DL's\Vehicles\GTA Popgroups Tool\Car Pics\images\fcr.png","0.37","Ready to upload as image/png."
"Ready","fcr2","fcr2.png","D:\GTA MOD DL's\Vehicles\GTA Popgroups Tool\Car Pics\images\fcr2.png","0.36","Ready to upload as image/png."
"Ready","felon","Felon.png","D:\GTA MOD DL's\Vehicles\GTA Popgroups Tool\Car Pics\images\Felon.png","0.32","Ready to upload as image/png."
"Ready","felon2","Felon2.png","D:\GTA MOD DL's\Vehicles\GTA Popgroups Tool\Car Pics\images\Felon2.png","0.35","Ready to upload as image/png."
"Ready","feltzer2","Feltzer2.png","D:\GTA MOD DL's\Vehicles\GTA Popgroups Tool\Car Pics\images\Feltzer2.png","0.37","Ready to upload as image/png."
"Ready","feltzer3","feltzer3.png","D:\GTA MOD DL's\Vehicles\GTA Popgroups Tool\Car Pics\images\feltzer3.png","0.34","Ready to upload as image/png."
"Ready","feno26sx","feno26sx.png","D:\GTA MOD DL's\Vehicles\GTA Popgroups Tool\Car Pics\images\feno26sx.png","1.29","Ready to upload as image/png."
"Ready","firebolt","firebolt.png","D:\GTA MOD DL's\Vehicles\GTA Popgroups Tool\Car Pics\images\firebolt.png","0.41","Ready to upload as image/png."
"Ready","firetruk","Firetruk.png","D:\GTA MOD DL's\Vehicles\GTA Popgroups Tool\Car Pics\images\Firetruk.png","0.36","Ready to upload as image/png."
"Ready","fixter","Fixter.png","D:\GTA MOD DL's\Vehicles\GTA Popgroups Tool\Car Pics\images\Fixter.png","0.33","Ready to upload as image/png."
"Ready","flashgt","FlashGT.png","D:\GTA MOD DL's\Vehicles\GTA Popgroups Tool\Car Pics\images\FlashGT.png","0.31","Ready to upload as image/png."
"Ready","flatbed","Flatbed.png","D:\GTA MOD DL's\Vehicles\GTA Popgroups Tool\Car Pics\images\Flatbed.png","0.35","Ready to upload as image/png."
"Ready","flatbed2","flatbed2.png","D:\GTA MOD DL's\Vehicles\GTA Popgroups Tool\Car Pics\images\flatbed2.png","0.46","Ready to upload as image/png."
"Ready","fleet78","fleet78.png","D:\GTA MOD DL's\Vehicles\GTA Popgroups Tool\Car Pics\images\fleet78.png","1.72","Ready to upload as image/png."
"Ready","fleet78low","fleet78low.png","D:\GTA MOD DL's\Vehicles\GTA Popgroups Tool\Car Pics\images\fleet78low.png","1.65","Ready to upload as image/png."
"Ready","fleetline48","fleetline48.png","D:\GTA MOD DL's\Vehicles\GTA Popgroups Tool\Car Pics\images\fleetline48.png","0.33","Ready to upload as image/png."
"Ready","fmj","FMJ.png","D:\GTA MOD DL's\Vehicles\GTA Popgroups Tool\Car Pics\images\FMJ.png","0.35","Ready to upload as image/png."
"Ready","fmj2","fmj2.png","D:\GTA MOD DL's\Vehicles\GTA Popgroups Tool\Car Pics\images\fmj2.png","0.42","Ready to upload as image/png."
"Ready","f-one49d","f-one49d.png","D:\GTA MOD DL's\Vehicles\GTA Popgroups Tool\Car Pics\images\f-one49d.png","0.3","Ready to upload as image/png."
"Ready","f-one49db","f-one49db.png","D:\GTA MOD DL's\Vehicles\GTA Popgroups Tool\Car Pics\images\f-one49db.png","0.28","Ready to upload as image/png."
"Ready","f-one49s","f-one49s.png","D:\GTA MOD DL's\Vehicles\GTA Popgroups Tool\Car Pics\images\f-one49s.png","0.32","Ready to upload as image/png."
"Ready","f-one49sb","f-one49sb.png","D:\GTA MOD DL's\Vehicles\GTA Popgroups Tool\Car Pics\images\f-one49sb.png","0.3","Ready to upload as image/png."
"Ready","foodbike","foodbike.png","D:\GTA MOD DL's\Vehicles\GTA Popgroups Tool\Car Pics\images\foodbike.png","0.65","Ready to upload as image/png."
"Ready","foodbike2","foodbike2.png","D:\GTA MOD DL's\Vehicles\GTA Popgroups Tool\Car Pics\images\foodbike2.png","0.65","Ready to upload as image/png."
"Ready","foodcar","foodcar.png","D:\GTA MOD DL's\Vehicles\GTA Popgroups Tool\Car Pics\images\foodcar.png","0.69","Ready to upload as image/png."
"Ready","foodcar2","foodcar2.png","D:\GTA MOD DL's\Vehicles\GTA Popgroups Tool\Car Pics\images\foodcar2.png","0.68","Ready to upload as image/png."
"Ready","foodcar3","foodcar3.png","D:\GTA MOD DL's\Vehicles\GTA Popgroups Tool\Car Pics\images\foodcar3.png","0.69","Ready to upload as image/png."
"Ready","foodcar4","foodcar4.png","D:\GTA MOD DL's\Vehicles\GTA Popgroups Tool\Car Pics\images\foodcar4.png","0.65","Ready to upload as image/png."
"Ready","foodcar5","foodcar5.png","D:\GTA MOD DL's\Vehicles\GTA Popgroups Tool\Car Pics\images\foodcar5.png","0.7","Ready to upload as image/png."
"Ready","foodcar6","foodcar6.png","D:\GTA MOD DL's\Vehicles\GTA Popgroups Tool\Car Pics\images\foodcar6.png","0.76","Ready to upload as image/png."
"Ready","foodcar7","foodcar7.png","D:\GTA MOD DL's\Vehicles\GTA Popgroups Tool\Car Pics\images\foodcar7.png","0.71","Ready to upload as image/png."
"Ready","ford70f100","ford70f100.png","D:\GTA MOD DL's\Vehicles\GTA Popgroups Tool\Car Pics\images\ford70f100.png","0.5","Ready to upload as image/png."
"Ready","ford70f100b","ford70f100b.png","D:\GTA MOD DL's\Vehicles\GTA Popgroups Tool\Car Pics\images\ford70f100b.png","0.62","Ready to upload as image/png."
"Unmatched","ford71f100","ford71f100.png","D:\GTA MOD DL's\Vehicles\GTA Popgroups Tool\Car Pics\images\ford71f100.png","0.56","No matching D1 vehicle model."
"Ready","forklift","Forklift.png","D:\GTA MOD DL's\Vehicles\GTA Popgroups Tool\Car Pics\images\Forklift.png","0.38","Ready to upload as image/png."
"Ready","formula","formula.png","D:\GTA MOD DL's\Vehicles\GTA Popgroups Tool\Car Pics\images\formula.png","0.37","Ready to upload as image/png."
"Ready","formula2","formula2.png","D:\GTA MOD DL's\Vehicles\GTA Popgroups Tool\Car Pics\images\formula2.png","0.4","Ready to upload as image/png."
"Ready","fq2","FQ2.png","D:\GTA MOD DL's\Vehicles\GTA Popgroups Tool\Car Pics\images\FQ2.png","0.39","Ready to upload as image/png."
"Ready","fr36","FR36.png","D:\GTA MOD DL's\Vehicles\GTA Popgroups Tool\Car Pics\images\FR36.png","0.4","Ready to upload as image/png."
"Ready","freecrawler","Freecrawler.png","D:\GTA MOD DL's\Vehicles\GTA Popgroups Tool\Car Pics\images\Freecrawler.png","0.33","Ready to upload as image/png."
"Ready","freight","Freight.png","D:\GTA MOD DL's\Vehicles\GTA Popgroups Tool\Car Pics\images\Freight.png","0.42","Ready to upload as image/png."
"Ready","freight2","Freight2.png","D:\GTA MOD DL's\Vehicles\GTA Popgroups Tool\Car Pics\images\Freight2.png","0.44","Ready to upload as image/png."
"Ready","freightcar","Freightcar.png","D:\GTA MOD DL's\Vehicles\GTA Popgroups Tool\Car Pics\images\Freightcar.png","0.38","Ready to upload as image/png."
"Ready","freightcar2","freightcar2.png","D:\GTA MOD DL's\Vehicles\GTA Popgroups Tool\Car Pics\images\freightcar2.png","0.45","Ready to upload as image/png."
"Ready","freightcar3","FreightCar3.png","D:\GTA MOD DL's\Vehicles\GTA Popgroups Tool\Car Pics\images\FreightCar3.png","0.48","Ready to upload as image/png."
"Ready","freightcont1","Freightcont1.png","D:\GTA MOD DL's\Vehicles\GTA Popgroups Tool\Car Pics\images\Freightcont1.png","0.35","Ready to upload as image/png."
"Ready","freightcont2","Freightcont2.png","D:\GTA MOD DL's\Vehicles\GTA Popgroups Tool\Car Pics\images\Freightcont2.png","0.33","Ready to upload as image/png."
"Ready","freightgrain","Freightgrain.png","D:\GTA MOD DL's\Vehicles\GTA Popgroups Tool\Car Pics\images\Freightgrain.png","0.34","Ready to upload as image/png."
"Ready","freighttrailer","Freighttrailer.png","D:\GTA MOD DL's\Vehicles\GTA Popgroups Tool\Car Pics\images\Freighttrailer.png","0.39","Ready to upload as image/png."
"Ready","frogger","Frogger.png","D:\GTA MOD DL's\Vehicles\GTA Popgroups Tool\Car Pics\images\Frogger.png","0.31","Ready to upload as image/png."
"Ready","frogger2","Frogger2.png","D:\GTA MOD DL's\Vehicles\GTA Popgroups Tool\Car Pics\images\Frogger2.png","0.39","Ready to upload as image/png."
"Unmatched","fsf90xx","fsf90xx.png","D:\GTA MOD DL's\Vehicles\GTA Popgroups Tool\Car Pics\images\fsf90xx.png","1.01","No matching D1 vehicle model."
"Ready","f-six49","f-six49.png","D:\GTA MOD DL's\Vehicles\GTA Popgroups Tool\Car Pics\images\f-six49.png","0.72","Ready to upload as image/png."
"Ready","f-six49b","f-six49b.png","D:\GTA MOD DL's\Vehicles\GTA Popgroups Tool\Car Pics\images\f-six49b.png","0.76","Ready to upload as image/png."
"Ready","f-two49d","f-two49d.png","D:\GTA MOD DL's\Vehicles\GTA Popgroups Tool\Car Pics\images\f-two49d.png","0.3","Ready to upload as image/png."
"Ready","fugitive","Fugitive.png","D:\GTA MOD DL's\Vehicles\GTA Popgroups Tool\Car Pics\images\Fugitive.png","0.34","Ready to upload as image/png."
"Ready","furia","furia.png","D:\GTA MOD DL's\Vehicles\GTA Popgroups Tool\Car Pics\images\furia.png","0.38","Ready to upload as image/png."
"Ready","furoregt","FuroreGT.png","D:\GTA MOD DL's\Vehicles\GTA Popgroups Tool\Car Pics\images\FuroreGT.png","0.34","Ready to upload as image/png."
"Ready","fury69","fury69.png","D:\GTA MOD DL's\Vehicles\GTA Popgroups Tool\Car Pics\images\fury69.png","0.67","Ready to upload as image/png."
"Ready","fusilade","Fusilade.png","D:\GTA MOD DL's\Vehicles\GTA Popgroups Tool\Car Pics\images\Fusilade.png","0.32","Ready to upload as image/png."
"Ready","futo","Futo.png","D:\GTA MOD DL's\Vehicles\GTA Popgroups Tool\Car Pics\images\Futo.png","0.34","Ready to upload as image/png."
"Ready","futo2","futo2.png","D:\GTA MOD DL's\Vehicles\GTA Popgroups Tool\Car Pics\images\futo2.png","0.31","Ready to upload as image/png."
"Ready","fwoody48","fwoody48.png","D:\GTA MOD DL's\Vehicles\GTA Popgroups Tool\Car Pics\images\fwoody48.png","0.32","Ready to upload as image/png."
"Unmatched","g63exc","g63exc.png","D:\GTA MOD DL's\Vehicles\GTA Popgroups Tool\Car Pics\images\g63exc.png","1.4","No matching D1 vehicle model."
"Unmatched","g63trg","g63trg.png","D:\GTA MOD DL's\Vehicles\GTA Popgroups Tool\Car Pics\images\g63trg.png","1.19","No matching D1 vehicle model."
"Ready","GABELAIR56","gabelair56.png","D:\GTA MOD DL's\Vehicles\GTA Popgroups Tool\Car Pics\images\gabelair56.png","0.9","Ready to upload as image/png."
"Ready","gabmw507","gabmw507.png","D:\GTA MOD DL's\Vehicles\GTA Popgroups Tool\Car Pics\images\gabmw507.png","0.78","Ready to upload as image/png."
"Ready","gac10","gac10.png","D:\GTA MOD DL's\Vehicles\GTA Popgroups Tool\Car Pics\images\gac10.png","0.67","Ready to upload as image/png."
"Ready","gacclub49","gacclub49.png","D:\GTA MOD DL's\Vehicles\GTA Popgroups Tool\Car Pics\images\gacclub49.png","0.31","Ready to upload as image/png."
"Ready","gacfor49","gacfor49.png","D:\GTA MOD DL's\Vehicles\GTA Popgroups Tool\Car Pics\images\gacfor49.png","0.31","Ready to upload as image/png."
"Ready","gacord812","gacord812.png","D:\GTA MOD DL's\Vehicles\GTA Popgroups Tool\Car Pics\images\gacord812.png","0.35","Ready to upload as image/png."
"Ready","gactud49","gactud49.png","D:\GTA MOD DL's\Vehicles\GTA Popgroups Tool\Car Pics\images\gactud49.png","0.32","Ready to upload as image/png."
"Ready","gadbiz49","gadbiz49.png","D:\GTA MOD DL's\Vehicles\GTA Popgroups Tool\Car Pics\images\gadbiz49.png","0.31","Ready to upload as image/png."
"Ready","gaford30","gaford30.png","D:\GTA MOD DL's\Vehicles\GTA Popgroups Tool\Car Pics\images\gaford30.png","0.88","Ready to upload as image/png."
"Ready","gaford30t","gaford30t.png","D:\GTA MOD DL's\Vehicles\GTA Popgroups Tool\Car Pics\images\gaford30t.png","0.42","Ready to upload as image/png."
"Ready","gaford34","gaford34.png","D:\GTA MOD DL's\Vehicles\GTA Popgroups Tool\Car Pics\images\gaford34.png","0.43","Ready to upload as image/png."
"Ready","gaford34r","gaford34r.png","D:\GTA MOD DL's\Vehicles\GTA Popgroups Tool\Car Pics\images\gaford34r.png","0.46","Ready to upload as image/png."
"Ready","gaford36r","gaford36r.png","D:\GTA MOD DL's\Vehicles\GTA Popgroups Tool\Car Pics\images\gaford36r.png","0.38","Ready to upload as image/png."
"Ready","gaimpala59","gaimpala59.png","D:\GTA MOD DL's\Vehicles\GTA Popgroups Tool\Car Pics\images\gaimpala59.png","0.69","Ready to upload as image/png."
"Ready","gaimpala59c","gaimpala59c.png","D:\GTA MOD DL's\Vehicles\GTA Popgroups Tool\Car Pics\images\gaimpala59c.png","0.69","Ready to upload as image/png."
"Ready","gaken49","gaken49.png","D:\GTA MOD DL's\Vehicles\GTA Popgroups Tool\Car Pics\images\gaken49.png","1.03","Ready to upload as image/png."
"Ready","gaken49f","gaken49f.png","D:\GTA MOD DL's\Vehicles\GTA Popgroups Tool\Car Pics\images\gaken49f.png","1.02","Ready to upload as image/png."
"Ready","GANOMAD56","ganomad56.png","D:\GTA MOD DL's\Vehicles\GTA Popgroups Tool\Car Pics\images\ganomad56.png","0.77","Ready to upload as image/png."
"Ready","gargoyle","Gargoyle.png","D:\GTA MOD DL's\Vehicles\GTA Popgroups Tool\Car Pics\images\Gargoyle.png","0.33","Ready to upload as image/png."
"Ready","gauntlet","Gauntlet.png","D:\GTA MOD DL's\Vehicles\GTA Popgroups Tool\Car Pics\images\Gauntlet.png","0.38","Ready to upload as image/png."
"Ready","gauntlet2","Gauntlet2.png","D:\GTA MOD DL's\Vehicles\GTA Popgroups Tool\Car Pics\images\Gauntlet2.png","0.43","Ready to upload as image/png."
"Ready","gauntlet3","gauntlet3.png","D:\GTA MOD DL's\Vehicles\GTA Popgroups Tool\Car Pics\images\gauntlet3.png","0.35","Ready to upload as image/png."
"Ready","gauntlet4","gauntlet4.png","D:\GTA MOD DL's\Vehicles\GTA Popgroups Tool\Car Pics\images\gauntlet4.png","0.37","Ready to upload as image/png."
"Ready","gauntlet5","gauntlet5.png","D:\GTA MOD DL's\Vehicles\GTA Popgroups Tool\Car Pics\images\gauntlet5.png","0.42","Ready to upload as image/png."
"Ready","gauntlet6","Gauntlet6.png","D:\GTA MOD DL's\Vehicles\GTA Popgroups Tool\Car Pics\images\Gauntlet6.png","0.33","Ready to upload as image/png."
"Ready","gb200","GB200.png","D:\GTA MOD DL's\Vehicles\GTA Popgroups Tool\Car Pics\images\GB200.png","0.31","Ready to upload as image/png."
"Ready","gburrito","gburrito.png","D:\GTA MOD DL's\Vehicles\GTA Popgroups Tool\Car Pics\images\gburrito.png","0.32","Ready to upload as image/png."
"Ready","gburrito2","gburrito2.png","D:\GTA MOD DL's\Vehicles\GTA Popgroups Tool\Car Pics\images\gburrito2.png","0.28","Ready to upload as image/png."
"Unmatched","gemera","gemera.png","D:\GTA MOD DL's\Vehicles\GTA Popgroups Tool\Car Pics\images\gemera.png","1.27","No matching D1 vehicle model."
"Ready","gl63","gl63.png","D:\GTA MOD DL's\Vehicles\GTA Popgroups Tool\Car Pics\images\gl63.png","1.54","Ready to upload as image/png."
"Ready","glendale","Glendale.png","D:\GTA MOD DL's\Vehicles\GTA Popgroups Tool\Car Pics\images\Glendale.png","0.38","Ready to upload as image/png."
"Ready","glendale2","glendale2.png","D:\GTA MOD DL's\Vehicles\GTA Popgroups Tool\Car Pics\images\glendale2.png","0.42","Ready to upload as image/png."
"Ready","gmt400","gmt400.png","D:\GTA MOD DL's\Vehicles\GTA Popgroups Tool\Car Pics\images\gmt400.png","1.33","Ready to upload as image/png."
"Ready","gp1","gp1.png","D:\GTA MOD DL's\Vehicles\GTA Popgroups Tool\Car Pics\images\gp1.png","0.38","Ready to upload as image/png."
"Ready","graintrailer","GrainTrailer.png","D:\GTA MOD DL's\Vehicles\GTA Popgroups Tool\Car Pics\images\GrainTrailer.png","0.34","Ready to upload as image/png."
"Ready","granada81","granada81.png","D:\GTA MOD DL's\Vehicles\GTA Popgroups Tool\Car Pics\images\granada81.png","0.76","Ready to upload as image/png."
"Ready","granger","Granger.png","D:\GTA MOD DL's\Vehicles\GTA Popgroups Tool\Car Pics\images\Granger.png","0.36","Ready to upload as image/png."
"Ready","granger2","granger2.png","D:\GTA MOD DL's\Vehicles\GTA Popgroups Tool\Car Pics\images\granger2.png","0.43","Ready to upload as image/png."
"Ready","greenwood","Greenwood.png","D:\GTA MOD DL's\Vehicles\GTA Popgroups Tool\Car Pics\images\Greenwood.png","0.43","Ready to upload as image/png."
"Ready","gresley","Gresley.png","D:\GTA MOD DL's\Vehicles\GTA Popgroups Tool\Car Pics\images\Gresley.png","0.36","Ready to upload as image/png."
"Ready","growler","growler.png","D:\GTA MOD DL's\Vehicles\GTA Popgroups Tool\Car Pics\images\growler.png","0.37","Ready to upload as image/png."
"Ready","gt500","GT500.png","D:\GTA MOD DL's\Vehicles\GTA Popgroups Tool\Car Pics\images\GT500.png","0.34","Ready to upload as image/png."
"Ready","gt750","GT750.png","D:\GTA MOD DL's\Vehicles\GTA Popgroups Tool\Car Pics\images\GT750.png","0.37","Ready to upload as image/png."
"Unmatched","GTA5_PQzevcj7sv","GTA5_PQzevcj7sv.png","D:\GTA MOD DL's\Vehicles\GTA Popgroups Tool\Car Pics\images\GTA5_PQzevcj7sv.png","0.85","No matching D1 vehicle model."
"Ready","gtorino76","gtorino76.png","D:\GTA MOD DL's\Vehicles\GTA Popgroups Tool\Car Pics\images\gtorino76.png","0.75","Ready to upload as image/png."
"Ready","gtrnismo","gtrnismo.png","D:\GTA MOD DL's\Vehicles\GTA Popgroups Tool\Car Pics\images\gtrnismo.png","0.93","Ready to upload as image/png."
"Ready","gtrr34","gtrr34.png","D:\GTA MOD DL's\Vehicles\GTA Popgroups Tool\Car Pics\images\gtrr34.png","0.88","Ready to upload as image/png."
"Ready","guardian","Guardian.png","D:\GTA MOD DL's\Vehicles\GTA Popgroups Tool\Car Pics\images\Guardian.png","0.33","Ready to upload as image/png."
"Ready","habanero","Habanero.png","D:\GTA MOD DL's\Vehicles\GTA Popgroups Tool\Car Pics\images\Habanero.png","0.32","Ready to upload as image/png."
"Ready","hakuchou","Hakuchou.png","D:\GTA MOD DL's\Vehicles\GTA Popgroups Tool\Car Pics\images\Hakuchou.png","0.38","Ready to upload as image/png."
"Ready","hakuchou2","Hakuchou2.png","D:\GTA MOD DL's\Vehicles\GTA Popgroups Tool\Car Pics\images\Hakuchou2.png","0.35","Ready to upload as image/png."
"Ready","halftrack","Halftrack.png","D:\GTA MOD DL's\Vehicles\GTA Popgroups Tool\Car Pics\images\Halftrack.png","0.38","Ready to upload as image/png."
"Ready","handler","handler.png","D:\GTA MOD DL's\Vehicles\GTA Popgroups Tool\Car Pics\images\handler.png","0.4","Ready to upload as image/png."
"Ready","hardy","hardy.png","D:\GTA MOD DL's\Vehicles\GTA Popgroups Tool\Car Pics\images\hardy.png","0.36","Ready to upload as image/png."
"Ready","hauler","Hauler.png","D:\GTA MOD DL's\Vehicles\GTA Popgroups Tool\Car Pics\images\Hauler.png","0.4","Ready to upload as image/png."
"Ready","hauler2","Hauler2.png","D:\GTA MOD DL's\Vehicles\GTA Popgroups Tool\Car Pics\images\Hauler2.png","0.34","Ready to upload as image/png."
"Ready","havok","Havok.png","D:\GTA MOD DL's\Vehicles\GTA Popgroups Tool\Car Pics\images\Havok.png","0.35","Ready to upload as image/png."
"Ready","hellion","hellion.png","D:\GTA MOD DL's\Vehicles\GTA Popgroups Tool\Car Pics\images\hellion.png","0.37","Ready to upload as image/png."
"Ready","hermes","Hermes.png","D:\GTA MOD DL's\Vehicles\GTA Popgroups Tool\Car Pics\images\Hermes.png","0.39","Ready to upload as image/png."
"Ready","hexer","Hexer.png","D:\GTA MOD DL's\Vehicles\GTA Popgroups Tool\Car Pics\images\Hexer.png","0.4","Ready to upload as image/png."
"Ready","hh1","hh1.png","D:\GTA MOD DL's\Vehicles\GTA Popgroups Tool\Car Pics\images\hh1.png","1.38","Ready to upload as image/png."
"Ready","hotknife","hotknife.png","D:\GTA MOD DL's\Vehicles\GTA Popgroups Tool\Car Pics\images\hotknife.png","0.31","Ready to upload as image/png."
"Ready","hotring","Hotring.png","D:\GTA MOD DL's\Vehicles\GTA Popgroups Tool\Car Pics\images\Hotring.png","0.31","Ready to upload as image/png."
"Ready","howard","Howard.png","D:\GTA MOD DL's\Vehicles\GTA Popgroups Tool\Car Pics\images\Howard.png","0.36","Ready to upload as image/png."
"Ready","hunter","Hunter.png","D:\GTA MOD DL's\Vehicles\GTA Popgroups Tool\Car Pics\images\Hunter.png","0.36","Ready to upload as image/png."
"Ready","huntley","Huntley.png","D:\GTA MOD DL's\Vehicles\GTA Popgroups Tool\Car Pics\images\Huntley.png","0.33","Ready to upload as image/png."
"Ready","hustler","Hustler.png","D:\GTA MOD DL's\Vehicles\GTA Popgroups Tool\Car Pics\images\Hustler.png","0.36","Ready to upload as image/png."
"Ready","hwaypolice","hwaypolice.png","D:\GTA MOD DL's\Vehicles\GTA Popgroups Tool\Car Pics\images\hwaypolice.png","0.74","Ready to upload as image/png."
"Ready","hwaypolice2","hwaypolice2.png","D:\GTA MOD DL's\Vehicles\GTA Popgroups Tool\Car Pics\images\hwaypolice2.png","0.78","Ready to upload as image/png."
"Ready","HWAYPOLICE3","hwaypolice3.png","D:\GTA MOD DL's\Vehicles\GTA Popgroups Tool\Car Pics\images\hwaypolice3.png","0.76","Ready to upload as image/png."
"Ready","hwaypolice4","hwaypolice4.png","D:\GTA MOD DL's\Vehicles\GTA Popgroups Tool\Car Pics\images\hwaypolice4.png","0.74","Ready to upload as image/png."
"Ready","hwaypoliceb","hwaypoliceb.png","D:\GTA MOD DL's\Vehicles\GTA Popgroups Tool\Car Pics\images\hwaypoliceb.png","0.46","Ready to upload as image/png."
"Ready","hwaypolicek9","hwaypolicek9.png","D:\GTA MOD DL's\Vehicles\GTA Popgroups Tool\Car Pics\images\hwaypolicek9.png","0.86","Ready to upload as image/png."
"Ready","hwaypolicepursuit","hwaypolicepursuit.png","D:\GTA MOD DL's\Vehicles\GTA Popgroups Tool\Car Pics\images\hwaypolicepursuit.png","0.77","Ready to upload as image/png."
"Ready","hydra","hydra.png","D:\GTA MOD DL's\Vehicles\GTA Popgroups Tool\Car Pics\images\hydra.png","0.37","Ready to upload as image/png."
"Ready","ignus","ignus.png","D:\GTA MOD DL's\Vehicles\GTA Popgroups Tool\Car Pics\images\ignus.png","0.37","Ready to upload as image/png."
"Ready","ignus2","ignus2.png","D:\GTA MOD DL's\Vehicles\GTA Popgroups Tool\Car Pics\images\ignus2.png","0.39","Ready to upload as image/png."
"Ready","imorgon","imorgon.png","D:\GTA MOD DL's\Vehicles\GTA Popgroups Tool\Car Pics\images\imorgon.png","0.37","Ready to upload as image/png."
"Ready","impala01","impala01.png","D:\GTA MOD DL's\Vehicles\GTA Popgroups Tool\Car Pics\images\impala01.png","0.63","Ready to upload as image/png."
"Ready","impala59c","impala59c.png","D:\GTA MOD DL's\Vehicles\GTA Popgroups Tool\Car Pics\images\impala59c.png","0.93","Ready to upload as image/png."
"Ready","impala72","impala72.png","D:\GTA MOD DL's\Vehicles\GTA Popgroups Tool\Car Pics\images\impala72.png","0.68","Ready to upload as image/png."
"Ready","impala72b","impala72b.png","D:\GTA MOD DL's\Vehicles\GTA Popgroups Tool\Car Pics\images\impala72b.png","0.69","Ready to upload as image/png."
"Ready","impala99","impala99.png","D:\GTA MOD DL's\Vehicles\GTA Popgroups Tool\Car Pics\images\impala99.png","0.57","Ready to upload as image/png."
"Ready","impaler","impaler.png","D:\GTA MOD DL's\Vehicles\GTA Popgroups Tool\Car Pics\images\impaler.png","0.43","Ready to upload as image/png."
"Ready","impaler2","Impaler2.png","D:\GTA MOD DL's\Vehicles\GTA Popgroups Tool\Car Pics\images\Impaler2.png","0.39","Ready to upload as image/png."
"Ready","impaler3","Impaler3.png","D:\GTA MOD DL's\Vehicles\GTA Popgroups Tool\Car Pics\images\Impaler3.png","0.39","Ready to upload as image/png."
"Ready","impaler4","Impaler4.png","D:\GTA MOD DL's\Vehicles\GTA Popgroups Tool\Car Pics\images\Impaler4.png","0.39","Ready to upload as image/png."
"Ready","impaler5","Impaler5.png","D:\GTA MOD DL's\Vehicles\GTA Popgroups Tool\Car Pics\images\Impaler5.png","0.32","Ready to upload as image/png."
"Ready","impaler6","Impaler6.png","D:\GTA MOD DL's\Vehicles\GTA Popgroups Tool\Car Pics\images\Impaler6.png","0.37","Ready to upload as image/png."
"Ready","imperator","imperator.png","D:\GTA MOD DL's\Vehicles\GTA Popgroups Tool\Car Pics\images\imperator.png","0.34","Ready to upload as image/png."
"Ready","imperator2","imperator2.png","D:\GTA MOD DL's\Vehicles\GTA Popgroups Tool\Car Pics\images\imperator2.png","0.34","Ready to upload as image/png."
"Ready","imperator3","imperator3.png","D:\GTA MOD DL's\Vehicles\GTA Popgroups Tool\Car Pics\images\imperator3.png","0.37","Ready to upload as image/png."
"Ready","indiana","indiana.png","D:\GTA MOD DL's\Vehicles\GTA Popgroups Tool\Car Pics\images\indiana.png","1.34","Ready to upload as image/png."
"Ready","indiana2","indiana2.png","D:\GTA MOD DL's\Vehicles\GTA Popgroups Tool\Car Pics\images\indiana2.png","1.28","Ready to upload as image/png."
"Ready","indianaxl","indianaxl.png","D:\GTA MOD DL's\Vehicles\GTA Popgroups Tool\Car Pics\images\indianaxl.png","1.01","Ready to upload as image/png."
"Ready","indianaxl2","indianaxl2.png","D:\GTA MOD DL's\Vehicles\GTA Popgroups Tool\Car Pics\images\indianaxl2.png","1.1","Ready to upload as image/png."
"Ready","inductor","Inductor.png","D:\GTA MOD DL's\Vehicles\GTA Popgroups Tool\Car Pics\images\Inductor.png","0.39","Ready to upload as image/png."
"Ready","inductor2","Inductor2.png","D:\GTA MOD DL's\Vehicles\GTA Popgroups Tool\Car Pics\images\Inductor2.png","0.46","Ready to upload as image/png."
"Ready","infernus","Infernus.png","D:\GTA MOD DL's\Vehicles\GTA Popgroups Tool\Car Pics\images\Infernus.png","0.41","Ready to upload as image/png."
"Ready","infernus2","infernus2.png","D:\GTA MOD DL's\Vehicles\GTA Popgroups Tool\Car Pics\images\infernus2.png","0.34","Ready to upload as image/png."
"Ready","ingot","Ingot.png","D:\GTA MOD DL's\Vehicles\GTA Popgroups Tool\Car Pics\images\Ingot.png","0.36","Ready to upload as image/png."
"Ready","innovation","Innovation.png","D:\GTA MOD DL's\Vehicles\GTA Popgroups Tool\Car Pics\images\Innovation.png","0.43","Ready to upload as image/png."
"Ready","insurgent","Insurgent.png","D:\GTA MOD DL's\Vehicles\GTA Popgroups Tool\Car Pics\images\Insurgent.png","0.36","Ready to upload as image/png."
"Ready","insurgent2","Insurgent2.png","D:\GTA MOD DL's\Vehicles\GTA Popgroups Tool\Car Pics\images\Insurgent2.png","0.36","Ready to upload as image/png."
"Ready","insurgent3","Insurgent3.png","D:\GTA MOD DL's\Vehicles\GTA Popgroups Tool\Car Pics\images\Insurgent3.png","0.42","Ready to upload as image/png."
"Ready","int4700t95","int4700t95.png","D:\GTA MOD DL's\Vehicles\GTA Popgroups Tool\Car Pics\images\int4700t95.png","1.19","Ready to upload as image/png."
"Ready","integra","integra.png","D:\GTA MOD DL's\Vehicles\GTA Popgroups Tool\Car Pics\images\integra.png","1.42","Ready to upload as image/png."
"Unmatched","intrepid93","intrepid93.png","D:\GTA MOD DL's\Vehicles\GTA Popgroups Tool\Car Pics\images\intrepid93.png","0.73","No matching D1 vehicle model."
"Ready","intruder","Intruder.png","D:\GTA MOD DL's\Vehicles\GTA Popgroups Tool\Car Pics\images\Intruder.png","0.4","Ready to upload as image/png."
"Ready","issi2","Issi2.png","D:\GTA MOD DL's\Vehicles\GTA Popgroups Tool\Car Pics\images\Issi2.png","0.42","Ready to upload as image/png."
"Ready","issi3","Issi3.png","D:\GTA MOD DL's\Vehicles\GTA Popgroups Tool\Car Pics\images\Issi3.png","0.33","Ready to upload as image/png."
"Ready","issi4","issi4.png","D:\GTA MOD DL's\Vehicles\GTA Popgroups Tool\Car Pics\images\issi4.png","0.35","Ready to upload as image/png."
"Ready","issi5","issi5.png","D:\GTA MOD DL's\Vehicles\GTA Popgroups Tool\Car Pics\images\issi5.png","0.34","Ready to upload as image/png."
"Ready","issi6","issi6.png","D:\GTA MOD DL's\Vehicles\GTA Popgroups Tool\Car Pics\images\issi6.png","0.35","Ready to upload as image/png."
"Ready","issi7","issi7.png","D:\GTA MOD DL's\Vehicles\GTA Popgroups Tool\Car Pics\images\issi7.png","0.36","Ready to upload as image/png."
"Ready","issi8","Issi8.png","D:\GTA MOD DL's\Vehicles\GTA Popgroups Tool\Car Pics\images\Issi8.png","0.38","Ready to upload as image/png."
"Ready","itali2","itali2.png","D:\GTA MOD DL's\Vehicles\GTA Popgroups Tool\Car Pics\images\itali2.png","0.43","Ready to upload as image/png."
"Ready","italigtb","ItaliGTB.png","D:\GTA MOD DL's\Vehicles\GTA Popgroups Tool\Car Pics\images\ItaliGTB.png","0.39","Ready to upload as image/png."
"Ready","italigtb2","ItaliGTB2.png","D:\GTA MOD DL's\Vehicles\GTA Popgroups Tool\Car Pics\images\ItaliGTB2.png","0.39","Ready to upload as image/png."
"Ready","italigto","italigto.png","D:\GTA MOD DL's\Vehicles\GTA Popgroups Tool\Car Pics\images\italigto.png","0.37","Ready to upload as image/png."
"Ready","italirsx","italirsx.png","D:\GTA MOD DL's\Vehicles\GTA Popgroups Tool\Car Pics\images\italirsx.png","0.36","Ready to upload as image/png."
"Ready","iwagen","iwagen.png","D:\GTA MOD DL's\Vehicles\GTA Popgroups Tool\Car Pics\images\iwagen.png","0.4","Ready to upload as image/png."
"Ready","Jackal","Jackal.png","D:\GTA MOD DL's\Vehicles\GTA Popgroups Tool\Car Pics\images\Jackal.png","0.38","Ready to upload as image/png."
"Ready","jb700","JB700.png","D:\GTA MOD DL's\Vehicles\GTA Popgroups Tool\Car Pics\images\JB700.png","0.35","Ready to upload as image/png."
"Ready","jb7002","jb7002.png","D:\GTA MOD DL's\Vehicles\GTA Popgroups Tool\Car Pics\images\jb7002.png","0.39","Ready to upload as image/png."
"Unmatched","jeskoattack24","jeskoattack24.png","D:\GTA MOD DL's\Vehicles\GTA Popgroups Tool\Car Pics\images\jeskoattack24.png","1.58","No matching D1 vehicle model."
"Ready","jester","Jester.png","D:\GTA MOD DL's\Vehicles\GTA Popgroups Tool\Car Pics\images\Jester.png","0.41","Ready to upload as image/png."
"Ready","jester2","Jester2.png","D:\GTA MOD DL's\Vehicles\GTA Popgroups Tool\Car Pics\images\Jester2.png","0.41","Ready to upload as image/png."
"Ready","jester3","Jester3.png","D:\GTA MOD DL's\Vehicles\GTA Popgroups Tool\Car Pics\images\Jester3.png","0.31","Ready to upload as image/png."
"Ready","jester4","jester4.png","D:\GTA MOD DL's\Vehicles\GTA Popgroups Tool\Car Pics\images\jester4.png","0.36","Ready to upload as image/png."
"Ready","jester5","jester5.png","D:\GTA MOD DL's\Vehicles\GTA Popgroups Tool\Car Pics\images\jester5.png","0.45","Ready to upload as image/png."
"Ready","jet","jet.png","D:\GTA MOD DL's\Vehicles\GTA Popgroups Tool\Car Pics\images\jet.png","0.28","Ready to upload as image/png."
"Ready","jetcaran","jetcaran.png","D:\GTA MOD DL's\Vehicles\GTA Popgroups Tool\Car Pics\images\jetcaran.png","0.83","Ready to upload as image/png."
"Ready","jetimperial","jetimperial.png","D:\GTA MOD DL's\Vehicles\GTA Popgroups Tool\Car Pics\images\jetimperial.png","0.94","Ready to upload as image/png."
"Ready","jetmax","Jetmax.png","D:\GTA MOD DL's\Vehicles\GTA Popgroups Tool\Car Pics\images\Jetmax.png","0.37","Ready to upload as image/png."
"Ready","jetstorm","jetstorm.png","D:\GTA MOD DL's\Vehicles\GTA Popgroups Tool\Car Pics\images\jetstorm.png","1.08","Ready to upload as image/png."
"Ready","journey","Journey.png","D:\GTA MOD DL's\Vehicles\GTA Popgroups Tool\Car Pics\images\Journey.png","0.4","Ready to upload as image/png."
"Ready","journey2","Journey2.png","D:\GTA MOD DL's\Vehicles\GTA Popgroups Tool\Car Pics\images\Journey2.png","0.35","Ready to upload as image/png."
"Ready","jubilee","jubilee.png","D:\GTA MOD DL's\Vehicles\GTA Popgroups Tool\Car Pics\images\jubilee.png","0.41","Ready to upload as image/png."
"Ready","jugular","jugular.png","D:\GTA MOD DL's\Vehicles\GTA Popgroups Tool\Car Pics\images\jugular.png","0.4","Ready to upload as image/png."
"Ready","jzbelv","jzbelv.png","D:\GTA MOD DL's\Vehicles\GTA Popgroups Tool\Car Pics\images\jzbelv.png","0.88","Ready to upload as image/png."
"Ready","jzeldo57","jzeldo57.png","D:\GTA MOD DL's\Vehicles\GTA Popgroups Tool\Car Pics\images\jzeldo57.png","1.04","Ready to upload as image/png."
"Ready","jzeldo57r","jzeldo57r.png","D:\GTA MOD DL's\Vehicles\GTA Popgroups Tool\Car Pics\images\jzeldo57r.png","0.84","Ready to upload as image/png."
"Ready","kalahari","Kalahari.png","D:\GTA MOD DL's\Vehicles\GTA Popgroups Tool\Car Pics\images\Kalahari.png","0.36","Ready to upload as image/png."
"Ready","kamacho","Kamacho.png","D:\GTA MOD DL's\Vehicles\GTA Popgroups Tool\Car Pics\images\Kamacho.png","0.38","Ready to upload as image/png."
"Ready","kanjo","kanjo.png","D:\GTA MOD DL's\Vehicles\GTA Popgroups Tool\Car Pics\images\kanjo.png","0.37","Ready to upload as image/png."
"Ready","kanjosj","KanjoSJ.png","D:\GTA MOD DL's\Vehicles\GTA Popgroups Tool\Car Pics\images\KanjoSJ.png","0.37","Ready to upload as image/png."
"Ready","keitora","keitora.png","D:\GTA MOD DL's\Vehicles\GTA Popgroups Tool\Car Pics\images\keitora.png","0.41","Ready to upload as image/png."
"Ready","khamelion","Khamelion.png","D:\GTA MOD DL's\Vehicles\GTA Popgroups Tool\Car Pics\images\Khamelion.png","0.38","Ready to upload as image/png."
"Ready","khanjali","Khanjali.png","D:\GTA MOD DL's\Vehicles\GTA Popgroups Tool\Car Pics\images\Khanjali.png","0.31","Ready to upload as image/png."
"Ready","komoda","komoda.png","D:\GTA MOD DL's\Vehicles\GTA Popgroups Tool\Car Pics\images\komoda.png","0.38","Ready to upload as image/png."
"Ready","komodas","komodas.png","D:\GTA MOD DL's\Vehicles\GTA Popgroups Tool\Car Pics\images\komodas.png","0.74","Ready to upload as image/png."
"Ready","kosatka","kosatka.png","D:\GTA MOD DL's\Vehicles\GTA Popgroups Tool\Car Pics\images\kosatka.png","0.17","Ready to upload as image/png."
"Ready","krieger","krieger.png","D:\GTA MOD DL's\Vehicles\GTA Popgroups Tool\Car Pics\images\krieger.png","0.39","Ready to upload as image/png."
"Ready","kuruma","Kuruma.png","D:\GTA MOD DL's\Vehicles\GTA Popgroups Tool\Car Pics\images\Kuruma.png","0.38","Ready to upload as image/png."
"Ready","kuruma2","Kuruma2.png","D:\GTA MOD DL's\Vehicles\GTA Popgroups Tool\Car Pics\images\Kuruma2.png","0.33","Ready to upload as image/png."
"Ready","kurumawb","kurumawb.png","D:\GTA MOD DL's\Vehicles\GTA Popgroups Tool\Car Pics\images\kurumawb.png","0.66","Ready to upload as image/png."
"Ready","kustom","kustom.png","D:\GTA MOD DL's\Vehicles\GTA Popgroups Tool\Car Pics\images\kustom.png","0.64","Ready to upload as image/png."
"Ready","l35","L35.png","D:\GTA MOD DL's\Vehicles\GTA Popgroups Tool\Car Pics\images\L35.png","0.37","Ready to upload as image/png."
"Ready","l352","l352.png","D:\GTA MOD DL's\Vehicles\GTA Popgroups Tool\Car Pics\images\l352.png","0.4","Ready to upload as image/png."
"Ready","laferrari","laferrari.png","D:\GTA MOD DL's\Vehicles\GTA Popgroups Tool\Car Pics\images\laferrari.png","0.94","Ready to upload as image/png."
"Ready","lancer57","lancer57.png","D:\GTA MOD DL's\Vehicles\GTA Popgroups Tool\Car Pics\images\lancer57.png","0.87","Ready to upload as image/png."
"Ready","landstalker","Landstalker.png","D:\GTA MOD DL's\Vehicles\GTA Popgroups Tool\Car Pics\images\Landstalker.png","0.39","Ready to upload as image/png."
"Ready","landstalker2","landstalker2.png","D:\GTA MOD DL's\Vehicles\GTA Popgroups Tool\Car Pics\images\landstalker2.png","0.41","Ready to upload as image/png."
"Ready","lazer","lazer.png","D:\GTA MOD DL's\Vehicles\GTA Popgroups Tool\Car Pics\images\lazer.png","0.38","Ready to upload as image/png."
"Ready","le7b","LE7B.png","D:\GTA MOD DL's\Vehicles\GTA Popgroups Tool\Car Pics\images\LE7B.png","0.33","Ready to upload as image/png."
"Ready","lectro","Lectro.png","D:\GTA MOD DL's\Vehicles\GTA Popgroups Tool\Car Pics\images\Lectro.png","0.44","Ready to upload as image/png."
"Ready","lguard","Lguard.png","D:\GTA MOD DL's\Vehicles\GTA Popgroups Tool\Car Pics\images\Lguard.png","0.31","Ready to upload as image/png."
"Ready","limo2","limo2.png","D:\GTA MOD DL's\Vehicles\GTA Popgroups Tool\Car Pics\images\limo2.png","0.35","Ready to upload as image/png."
"Ready","limoxts","limoxts.png","D:\GTA MOD DL's\Vehicles\GTA Popgroups Tool\Car Pics\images\limoxts.png","0.68","Ready to upload as image/png."
"Ready","lm87","LM87.png","D:\GTA MOD DL's\Vehicles\GTA Popgroups Tool\Car Pics\images\LM87.png","0.36","Ready to upload as image/png."
"Ready","locust","locust.png","D:\GTA MOD DL's\Vehicles\GTA Popgroups Tool\Car Pics\images\locust.png","0.44","Ready to upload as image/png."
"Ready","longfin","Longfin.png","D:\GTA MOD DL's\Vehicles\GTA Popgroups Tool\Car Pics\images\Longfin.png","0.25","Ready to upload as image/png."
"Ready","lp770","lp770.png","D:\GTA MOD DL's\Vehicles\GTA Popgroups Tool\Car Pics\images\lp770.png","0.81","Ready to upload as image/png."
"Ready","lp770cop","lp770cop.png","D:\GTA MOD DL's\Vehicles\GTA Popgroups Tool\Car Pics\images\lp770cop.png","0.92","Ready to upload as image/png."
"Ready","lp770r","lp770r.png","D:\GTA MOD DL's\Vehicles\GTA Popgroups Tool\Car Pics\images\lp770r.png","0.85","Ready to upload as image/png."
"Ready","lsiapolice","lsiapolice.png","D:\GTA MOD DL's\Vehicles\GTA Popgroups Tool\Car Pics\images\lsiapolice.png","0.64","Ready to upload as image/png."
"Ready","lsiapolice2","lsiapolice2.png","D:\GTA MOD DL's\Vehicles\GTA Popgroups Tool\Car Pics\images\lsiapolice2.png","0.69","Ready to upload as image/png."
"Ready","lsiapolice3","lsiapolice3.png","D:\GTA MOD DL's\Vehicles\GTA Popgroups Tool\Car Pics\images\lsiapolice3.png","0.71","Ready to upload as image/png."
"Ready","lsiapolicek9","lsiapolicek9.png","D:\GTA MOD DL's\Vehicles\GTA Popgroups Tool\Car Pics\images\lsiapolicek9.png","0.66","Ready to upload as image/png."
"Ready","lssheriff","lssheriff.png","D:\GTA MOD DL's\Vehicles\GTA Popgroups Tool\Car Pics\images\lssheriff.png","0.7","Ready to upload as image/png."
"Ready","lssheriff2","lssheriff2.png","D:\GTA MOD DL's\Vehicles\GTA Popgroups Tool\Car Pics\images\lssheriff2.png","0.68","Ready to upload as image/png."
"Ready","LSSHERIFF3","lssheriff3.png","D:\GTA MOD DL's\Vehicles\GTA Popgroups Tool\Car Pics\images\lssheriff3.png","0.71","Ready to upload as image/png."
"Ready","lssheriff4","lssheriff4.png","D:\GTA MOD DL's\Vehicles\GTA Popgroups Tool\Car Pics\images\lssheriff4.png","0.76","Ready to upload as image/png."
"Ready","lssheriff4B","lssheriff4b.png","D:\GTA MOD DL's\Vehicles\GTA Popgroups Tool\Car Pics\images\lssheriff4b.png","0.56","Ready to upload as image/png."
"Ready","LSSHERIFF5","lssheriff5.png","D:\GTA MOD DL's\Vehicles\GTA Popgroups Tool\Car Pics\images\lssheriff5.png","0.58","Ready to upload as image/png."
"Ready","LSSheriffB","lssheriffb.png","D:\GTA MOD DL's\Vehicles\GTA Popgroups Tool\Car Pics\images\lssheriffb.png","0.51","Ready to upload as image/png."
"Ready","lssheriffk9","lssheriffk9.png","D:\GTA MOD DL's\Vehicles\GTA Popgroups Tool\Car Pics\images\lssheriffk9.png","0.59","Ready to upload as image/png."
"Ready","lssheriffpursuit","lssheriffpursuit.png","D:\GTA MOD DL's\Vehicles\GTA Popgroups Tool\Car Pics\images\lssheriffpursuit.png","0.82","Ready to upload as image/png."
"Ready","lssheriffSL","lssheriffsl.png","D:\GTA MOD DL's\Vehicles\GTA Popgroups Tool\Car Pics\images\lssheriffsl.png","0.74","Ready to upload as image/png."
"Ready","ltd75bs","ltd75bs.png","D:\GTA MOD DL's\Vehicles\GTA Popgroups Tool\Car Pics\images\ltd75bs.png","0.97","Ready to upload as image/png."
"Ready","ltd75ls","ltd75ls.png","D:\GTA MOD DL's\Vehicles\GTA Popgroups Tool\Car Pics\images\ltd75ls.png","0.94","Ready to upload as image/png."
"Ready","ltd75s","ltd75s.png","D:\GTA MOD DL's\Vehicles\GTA Popgroups Tool\Car Pics\images\ltd75s.png","0.93","Ready to upload as image/png."
"Ready","luiva","Luiva.png","D:\GTA MOD DL's\Vehicles\GTA Popgroups Tool\Car Pics\images\Luiva.png","0.4","Ready to upload as image/png."
"Ready","lumma750","lumma750.png","D:\GTA MOD DL's\Vehicles\GTA Popgroups Tool\Car Pics\images\lumma750.png","1.04","Ready to upload as image/png."
"Ready","Lurcher","Lurcher.png","D:\GTA MOD DL's\Vehicles\GTA Popgroups Tool\Car Pics\images\Lurcher.png","0.36","Ready to upload as image/png."
"Ready","luxor","Luxor.png","D:\GTA MOD DL's\Vehicles\GTA Popgroups Tool\Car Pics\images\Luxor.png","0.31","Ready to upload as image/png."
"Ready","luxor2","luxor2.png","D:\GTA MOD DL's\Vehicles\GTA Popgroups Tool\Car Pics\images\luxor2.png","0.4","Ready to upload as image/png."
"Ready","lynx","Lynx.png","D:\GTA MOD DL's\Vehicles\GTA Popgroups Tool\Car Pics\images\Lynx.png","0.35","Ready to upload as image/png."
"Unmatched","m42020","m42020.png","D:\GTA MOD DL's\Vehicles\GTA Popgroups Tool\Car Pics\images\m42020.png","1.03","No matching D1 vehicle model."
"Ready","m5g60","m5g60.png","D:\GTA MOD DL's\Vehicles\GTA Popgroups Tool\Car Pics\images\m5g60.png","0.48","Ready to upload as image/png."
"Ready","mamba","Mamba.png","D:\GTA MOD DL's\Vehicles\GTA Popgroups Tool\Car Pics\images\Mamba.png","0.37","Ready to upload as image/png."
"Ready","mammatus","Mammatus.png","D:\GTA MOD DL's\Vehicles\GTA Popgroups Tool\Car Pics\images\Mammatus.png","0.38","Ready to upload as image/png."
"Ready","manana","Manana.png","D:\GTA MOD DL's\Vehicles\GTA Popgroups Tool\Car Pics\images\Manana.png","0.41","Ready to upload as image/png."
"Ready","manana2","manana2.png","D:\GTA MOD DL's\Vehicles\GTA Popgroups Tool\Car Pics\images\manana2.png","0.39","Ready to upload as image/png."
"Ready","manchez","Manchez.png","D:\GTA MOD DL's\Vehicles\GTA Popgroups Tool\Car Pics\images\Manchez.png","0.34","Ready to upload as image/png."
"Ready","manchez2","manchez2.png","D:\GTA MOD DL's\Vehicles\GTA Popgroups Tool\Car Pics\images\manchez2.png","0.38","Ready to upload as image/png."
"Ready","manchez3","Manchez3.png","D:\GTA MOD DL's\Vehicles\GTA Popgroups Tool\Car Pics\images\Manchez3.png","0.46","Ready to upload as image/png."
"Ready","mansgt","mansgt.png","D:\GTA MOD DL's\Vehicles\GTA Popgroups Tool\Car Pics\images\mansgt.png","1.4","Ready to upload as image/png."
"Ready","marbella","marbella.png","D:\GTA MOD DL's\Vehicles\GTA Popgroups Tool\Car Pics\images\marbella.png","1.5","Ready to upload as image/png."
"Ready","markiv72","markiv72.png","D:\GTA MOD DL's\Vehicles\GTA Popgroups Tool\Car Pics\images\markiv72.png","1.65","Ready to upload as image/png."
"Ready","marquis","Marquis.png","D:\GTA MOD DL's\Vehicles\GTA Popgroups Tool\Car Pics\images\Marquis.png","0.31","Ready to upload as image/png."
"Ready","marshall","Marshall.png","D:\GTA MOD DL's\Vehicles\GTA Popgroups Tool\Car Pics\images\Marshall.png","0.41","Ready to upload as image/png."
"Ready","massacro","Massacro.png","D:\GTA MOD DL's\Vehicles\GTA Popgroups Tool\Car Pics\images\Massacro.png","0.4","Ready to upload as image/png."
"Ready","massacro2","Massacro2.png","D:\GTA MOD DL's\Vehicles\GTA Popgroups Tool\Car Pics\images\Massacro2.png","0.44","Ready to upload as image/png."
"Ready","maverick","Maverick.png","D:\GTA MOD DL's\Vehicles\GTA Popgroups Tool\Car Pics\images\Maverick.png","0.37","Ready to upload as image/png."
"Ready","maverick2","maverick2.png","D:\GTA MOD DL's\Vehicles\GTA Popgroups Tool\Car Pics\images\maverick2.png","0.41","Ready to upload as image/png."
"Ready","maximatrg","maximatrg.png","D:\GTA MOD DL's\Vehicles\GTA Popgroups Tool\Car Pics\images\maximatrg.png","0.8","Ready to upload as image/png."
"Ready","mbenz220s","mbenz220s.png","D:\GTA MOD DL's\Vehicles\GTA Popgroups Tool\Car Pics\images\mbenz220s.png","0.9","Ready to upload as image/png."
"Ready","menacer","Menacer.png","D:\GTA MOD DL's\Vehicles\GTA Popgroups Tool\Car Pics\images\Menacer.png","0.31","Ready to upload as image/png."
"Ready","mesa","Mesa.png","D:\GTA MOD DL's\Vehicles\GTA Popgroups Tool\Car Pics\images\Mesa.png","0.38","Ready to upload as image/png."
"Ready","mesa2","Mesa2.png","D:\GTA MOD DL's\Vehicles\GTA Popgroups Tool\Car Pics\images\Mesa2.png","0.41","Ready to upload as image/png."
"Ready","mesa3","Mesa3.png","D:\GTA MOD DL's\Vehicles\GTA Popgroups Tool\Car Pics\images\Mesa3.png","0.35","Ready to upload as image/png."
"Ready","metro59","metro59.png","D:\GTA MOD DL's\Vehicles\GTA Popgroups Tool\Car Pics\images\metro59.png","0.88","Ready to upload as image/png."
"Ready","metrotrain","metrotrain.png","D:\GTA MOD DL's\Vehicles\GTA Popgroups Tool\Car Pics\images\metrotrain.png","0.38","Ready to upload as image/png."
"Ready","michelli","Michelli.png","D:\GTA MOD DL's\Vehicles\GTA Popgroups Tool\Car Pics\images\Michelli.png","0.39","Ready to upload as image/png."
"Ready","microlight","microlight.png","D:\GTA MOD DL's\Vehicles\GTA Popgroups Tool\Car Pics\images\microlight.png","0.37","Ready to upload as image/png."
"Ready","miljet","Miljet.png","D:\GTA MOD DL's\Vehicles\GTA Popgroups Tool\Car Pics\images\Miljet.png","0.38","Ready to upload as image/png."
"Ready","minimus","minimus.png","D:\GTA MOD DL's\Vehicles\GTA Popgroups Tool\Car Pics\images\minimus.png","0.37","Ready to upload as image/png."
"Ready","minitank","minitank.png","D:\GTA MOD DL's\Vehicles\GTA Popgroups Tool\Car Pics\images\minitank.png","0.41","Ready to upload as image/png."
"Ready","minivan","Minivan.png","D:\GTA MOD DL's\Vehicles\GTA Popgroups Tool\Car Pics\images\Minivan.png","0.38","Ready to upload as image/png."
"Ready","minivan2","Minivan2.png","D:\GTA MOD DL's\Vehicles\GTA Popgroups Tool\Car Pics\images\Minivan2.png","0.39","Ready to upload as image/png."
"Ready","mixer","Mixer.png","D:\GTA MOD DL's\Vehicles\GTA Popgroups Tool\Car Pics\images\Mixer.png","0.39","Ready to upload as image/png."
"Ready","mixer2","Mixer2.png","D:\GTA MOD DL's\Vehicles\GTA Popgroups Tool\Car Pics\images\Mixer2.png","0.4","Ready to upload as image/png."
"Ready","mk6pol","mk6pol.png","D:\GTA MOD DL's\Vehicles\GTA Popgroups Tool\Car Pics\images\mk6pol.png","1.34","Ready to upload as image/png."
"Ready","modena99","modena99.png","D:\GTA MOD DL's\Vehicles\GTA Popgroups Tool\Car Pics\images\modena99.png","0.8","Ready to upload as image/png."
"Ready","mogul","Mogul.png","D:\GTA MOD DL's\Vehicles\GTA Popgroups Tool\Car Pics\images\Mogul.png","0.35","Ready to upload as image/png."
"Ready","molotok","Molotok.png","D:\GTA MOD DL's\Vehicles\GTA Popgroups Tool\Car Pics\images\Molotok.png","0.41","Ready to upload as image/png."
"Ready","monroe","Monroe.png","D:\GTA MOD DL's\Vehicles\GTA Popgroups Tool\Car Pics\images\Monroe.png","0.37","Ready to upload as image/png."
"Ready","monster","monster.png","D:\GTA MOD DL's\Vehicles\GTA Popgroups Tool\Car Pics\images\monster.png","0.41","Ready to upload as image/png."
"Ready","monster3","monster3.png","D:\GTA MOD DL's\Vehicles\GTA Popgroups Tool\Car Pics\images\monster3.png","0.37","Ready to upload as image/png."
"Ready","monster4","monster4.png","D:\GTA MOD DL's\Vehicles\GTA Popgroups Tool\Car Pics\images\monster4.png","0.37","Ready to upload as image/png."
"Ready","monster5","monster5.png","D:\GTA MOD DL's\Vehicles\GTA Popgroups Tool\Car Pics\images\monster5.png","0.38","Ready to upload as image/png."
"Ready","monstrociti","MonstroCiti.png","D:\GTA MOD DL's\Vehicles\GTA Popgroups Tool\Car Pics\images\MonstroCiti.png","0.37","Ready to upload as image/png."
"Ready","moonbeam","Moonbeam.png","D:\GTA MOD DL's\Vehicles\GTA Popgroups Tool\Car Pics\images\Moonbeam.png","0.37","Ready to upload as image/png."
"Ready","moonbeam2","Moonbeam2.png","D:\GTA MOD DL's\Vehicles\GTA Popgroups Tool\Car Pics\images\Moonbeam2.png","0.34","Ready to upload as image/png."
"Ready","mower","mower.png","D:\GTA MOD DL's\Vehicles\GTA Popgroups Tool\Car Pics\images\mower.png","0.4","Ready to upload as image/png."
"Ready","mule","mule.png","D:\GTA MOD DL's\Vehicles\GTA Popgroups Tool\Car Pics\images\mule.png","0.32","Ready to upload as image/png."
"Ready","mule2","mule2.png","D:\GTA MOD DL's\Vehicles\GTA Popgroups Tool\Car Pics\images\mule2.png","0.38","Ready to upload as image/png."
"Ready","mule3","Mule3.png","D:\GTA MOD DL's\Vehicles\GTA Popgroups Tool\Car Pics\images\Mule3.png","0.26","Ready to upload as image/png."
"Ready","mule4","Mule4.png","D:\GTA MOD DL's\Vehicles\GTA Popgroups Tool\Car Pics\images\Mule4.png","0.3","Ready to upload as image/png."
"Ready","mule5","mule5.png","D:\GTA MOD DL's\Vehicles\GTA Popgroups Tool\Car Pics\images\mule5.png","0.34","Ready to upload as image/png."
"Unmatched","nbbatur","nbbatur.png","D:\GTA MOD DL's\Vehicles\GTA Popgroups Tool\Car Pics\images\nbbatur.png","1.46","No matching D1 vehicle model."
"Ready","nebula","nebula.png","D:\GTA MOD DL's\Vehicles\GTA Popgroups Tool\Car Pics\images\nebula.png","0.41","Ready to upload as image/png."
"Ready","nemesis","Nemesis.png","D:\GTA MOD DL's\Vehicles\GTA Popgroups Tool\Car Pics\images\Nemesis.png","0.44","Ready to upload as image/png."
"Ready","neo","neo.png","D:\GTA MOD DL's\Vehicles\GTA Popgroups Tool\Car Pics\images\neo.png","0.39","Ready to upload as image/png."
"Ready","neon","Neon.png","D:\GTA MOD DL's\Vehicles\GTA Popgroups Tool\Car Pics\images\Neon.png","0.35","Ready to upload as image/png."
"Ready","nero","Nero.png","D:\GTA MOD DL's\Vehicles\GTA Popgroups Tool\Car Pics\images\Nero.png","0.39","Ready to upload as image/png."
"Ready","nero2","Nero2.png","D:\GTA MOD DL's\Vehicles\GTA Popgroups Tool\Car Pics\images\Nero2.png","0.4","Ready to upload as image/png."
"Ready","newyorker75","newyorker75.png","D:\GTA MOD DL's\Vehicles\GTA Popgroups Tool\Car Pics\images\newyorker75.png","0.67","Ready to upload as image/png."
"Ready","newyorker88","newyorker88.png","D:\GTA MOD DL's\Vehicles\GTA Popgroups Tool\Car Pics\images\newyorker88.png","1.57","Ready to upload as image/png."
"Ready","nightblade","Nightblade.png","D:\GTA MOD DL's\Vehicles\GTA Popgroups Tool\Car Pics\images\Nightblade.png","0.34","Ready to upload as image/png."
"Ready","nightshade","Nightshade.png","D:\GTA MOD DL's\Vehicles\GTA Popgroups Tool\Car Pics\images\Nightshade.png","0.38","Ready to upload as image/png."
"Ready","nightshark","Nightshark.png","D:\GTA MOD DL's\Vehicles\GTA Popgroups Tool\Car Pics\images\Nightshark.png","0.36","Ready to upload as image/png."
"Ready","nimbus","Nimbus.png","D:\GTA MOD DL's\Vehicles\GTA Popgroups Tool\Car Pics\images\Nimbus.png","0.38","Ready to upload as image/png."
"Ready","ninef","ninef.png","D:\GTA MOD DL's\Vehicles\GTA Popgroups Tool\Car Pics\images\ninef.png","0.4","Ready to upload as image/png."
"Ready","ninef2","ninef2.png","D:\GTA MOD DL's\Vehicles\GTA Popgroups Tool\Car Pics\images\ninef2.png","0.39","Ready to upload as image/png."
"Ready","niobe","niobe.png","D:\GTA MOD DL's\Vehicles\GTA Popgroups Tool\Car Pics\images\niobe.png","0.32","Ready to upload as image/png."
"Unmatched","noimage","noimage.png","D:\GTA MOD DL's\Vehicles\GTA Popgroups Tool\Car Pics\images\noimage.png","0.03","No matching D1 vehicle model."
"Ready","nokota","Nokota.png","D:\GTA MOD DL's\Vehicles\GTA Popgroups Tool\Car Pics\images\Nokota.png","0.36","Ready to upload as image/png."
"Ready","noose","noose.png","D:\GTA MOD DL's\Vehicles\GTA Popgroups Tool\Car Pics\images\noose.png","0.67","Ready to upload as image/png."
"Ready","noose2","noose2.png","D:\GTA MOD DL's\Vehicles\GTA Popgroups Tool\Car Pics\images\noose2.png","0.66","Ready to upload as image/png."
"Ready","noose2b","noose2b.png","D:\GTA MOD DL's\Vehicles\GTA Popgroups Tool\Car Pics\images\noose2b.png","0.66","Ready to upload as image/png."
"Ready","noose3","noose3.png","D:\GTA MOD DL's\Vehicles\GTA Popgroups Tool\Car Pics\images\noose3.png","0.79","Ready to upload as image/png."
"Ready","noose4","noose4.png","D:\GTA MOD DL's\Vehicles\GTA Popgroups Tool\Car Pics\images\noose4.png","0.78","Ready to upload as image/png."
"Ready","NOOSE5","noose5.png","D:\GTA MOD DL's\Vehicles\GTA Popgroups Tool\Car Pics\images\noose5.png","0.64","Ready to upload as image/png."
"Ready","noosepolice","noosepolice.png","D:\GTA MOD DL's\Vehicles\GTA Popgroups Tool\Car Pics\images\noosepolice.png","0.69","Ready to upload as image/png."
"Ready","noosepolice2","noosepolice2.png","D:\GTA MOD DL's\Vehicles\GTA Popgroups Tool\Car Pics\images\noosepolice2.png","0.7","Ready to upload as image/png."
"Ready","noosepolice3","noosepolice3.png","D:\GTA MOD DL's\Vehicles\GTA Popgroups Tool\Car Pics\images\noosepolice3.png","0.67","Ready to upload as image/png."
"Ready","noosepolice4","noosepolice4.png","D:\GTA MOD DL's\Vehicles\GTA Popgroups Tool\Car Pics\images\noosepolice4.png","0.78","Ready to upload as image/png."
"Ready","nooset","nooset.png","D:\GTA MOD DL's\Vehicles\GTA Popgroups Tool\Car Pics\images\nooset.png","0.52","Ready to upload as image/png."
"Ready","nooset2","nooset2.png","D:\GTA MOD DL's\Vehicles\GTA Popgroups Tool\Car Pics\images\nooset2.png","0.62","Ready to upload as image/png."
"Ready","Novak","novak.png","D:\GTA MOD DL's\Vehicles\GTA Popgroups Tool\Car Pics\images\novak.png","0.36","Ready to upload as image/png."
"Ready","nspeedo","nspeedo.png","D:\GTA MOD DL's\Vehicles\GTA Popgroups Tool\Car Pics\images\nspeedo.png","1.03","Ready to upload as image/png."
"Unmatched","nznismo24","nznismo24.png","D:\GTA MOD DL's\Vehicles\GTA Popgroups Tool\Car Pics\images\nznismo24.png","0.89","No matching D1 vehicle model."
"Ready","omnis","Omnis.png","D:\GTA MOD DL's\Vehicles\GTA Popgroups Tool\Car Pics\images\Omnis.png","0.35","Ready to upload as image/png."
"Ready","omnisegt","omnisegt.png","D:\GTA MOD DL's\Vehicles\GTA Popgroups Tool\Car Pics\images\omnisegt.png","0.39","Ready to upload as image/png."
"Ready","openwheel1","openwheel1.png","D:\GTA MOD DL's\Vehicles\GTA Popgroups Tool\Car Pics\images\openwheel1.png","0.39","Ready to upload as image/png."
"Ready","openwheel2","openwheel2.png","D:\GTA MOD DL's\Vehicles\GTA Popgroups Tool\Car Pics\images\openwheel2.png","0.4","Ready to upload as image/png."
"Ready","oppressor","Oppressor.png","D:\GTA MOD DL's\Vehicles\GTA Popgroups Tool\Car Pics\images\Oppressor.png","0.34","Ready to upload as image/png."
"Ready","oppressor2","Oppressor2.png","D:\GTA MOD DL's\Vehicles\GTA Popgroups Tool\Car Pics\images\Oppressor2.png","0.3","Ready to upload as image/png."
"Ready","optima","optima.png","D:\GTA MOD DL's\Vehicles\GTA Popgroups Tool\Car Pics\images\optima.png","1.14","Ready to upload as image/png."
"Ready","oracle","Oracle.png","D:\GTA MOD DL's\Vehicles\GTA Popgroups Tool\Car Pics\images\Oracle.png","0.37","Ready to upload as image/png."
"Ready","oracle_gts","oracle_gts.png","D:\GTA MOD DL's\Vehicles\GTA Popgroups Tool\Car Pics\images\oracle_gts.png","0.65","Ready to upload as image/png."
"Ready","oracle1","oracle1.png","D:\GTA MOD DL's\Vehicles\GTA Popgroups Tool\Car Pics\images\oracle1.png","0.9","Ready to upload as image/png."
"Ready","oracle2","Oracle2.png","D:\GTA MOD DL's\Vehicles\GTA Popgroups Tool\Car Pics\images\Oracle2.png","0.38","Ready to upload as image/png."
"Ready","osiris","Osiris.png","D:\GTA MOD DL's\Vehicles\GTA Popgroups Tool\Car Pics\images\Osiris.png","0.36","Ready to upload as image/png."
"Ready","outlaw","outlaw.png","D:\GTA MOD DL's\Vehicles\GTA Popgroups Tool\Car Pics\images\outlaw.png","0.41","Ready to upload as image/png."
"Ready","p1","p1.png","D:\GTA MOD DL's\Vehicles\GTA Popgroups Tool\Car Pics\images\p1.png","1.09","Ready to upload as image/png."
"Ready","packer","Packer.png","D:\GTA MOD DL's\Vehicles\GTA Popgroups Tool\Car Pics\images\Packer.png","0.4","Ready to upload as image/png."
"Ready","panthere","Panthere.png","D:\GTA MOD DL's\Vehicles\GTA Popgroups Tool\Car Pics\images\Panthere.png","0.35","Ready to upload as image/png."
"Ready","panto","Panto.png","D:\GTA MOD DL's\Vehicles\GTA Popgroups Tool\Car Pics\images\Panto.png","0.39","Ready to upload as image/png."
"Ready","paradise","Paradise.png","D:\GTA MOD DL's\Vehicles\GTA Popgroups Tool\Car Pics\images\Paradise.png","0.38","Ready to upload as image/png."
"Ready","paragon","paragon.png","D:\GTA MOD DL's\Vehicles\GTA Popgroups Tool\Car Pics\images\paragon.png","0.34","Ready to upload as image/png."
"Ready","paragon2","paragon2.png","D:\GTA MOD DL's\Vehicles\GTA Popgroups Tool\Car Pics\images\paragon2.png","0.37","Ready to upload as image/png."
"Ready","paragon3","paragon3.png","D:\GTA MOD DL's\Vehicles\GTA Popgroups Tool\Car Pics\images\paragon3.png","0.37","Ready to upload as image/png."
"Ready","pariah","Pariah.png","D:\GTA MOD DL's\Vehicles\GTA Popgroups Tool\Car Pics\images\Pariah.png","0.37","Ready to upload as image/png."
"Ready","parklane","parklane.png","D:\GTA MOD DL's\Vehicles\GTA Popgroups Tool\Car Pics\images\parklane.png","0.86","Ready to upload as image/png."
"Ready","patriot","Patriot.png","D:\GTA MOD DL's\Vehicles\GTA Popgroups Tool\Car Pics\images\Patriot.png","0.36","Ready to upload as image/png."
"Ready","patriot2","Patriot2.png","D:\GTA MOD DL's\Vehicles\GTA Popgroups Tool\Car Pics\images\Patriot2.png","0.31","Ready to upload as image/png."
"Ready","patriot3","patriot3.png","D:\GTA MOD DL's\Vehicles\GTA Popgroups Tool\Car Pics\images\patriot3.png","0.37","Ready to upload as image/png."
"Ready","patrolboat","patrolboat.png","D:\GTA MOD DL's\Vehicles\GTA Popgroups Tool\Car Pics\images\patrolboat.png","0.37","Ready to upload as image/png."
"Ready","pbus","pbus.png","D:\GTA MOD DL's\Vehicles\GTA Popgroups Tool\Car Pics\images\pbus.png","0.38","Ready to upload as image/png."
"Ready","pbus2","pbus2.png","D:\GTA MOD DL's\Vehicles\GTA Popgroups Tool\Car Pics\images\pbus2.png","0.3","Ready to upload as image/png."
"Ready","pcar","pcar.png","D:\GTA MOD DL's\Vehicles\GTA Popgroups Tool\Car Pics\images\pcar.png","0.72","Ready to upload as image/png."
"Ready","pcj","PCJ.png","D:\GTA MOD DL's\Vehicles\GTA Popgroups Tool\Car Pics\images\PCJ.png","0.4","Ready to upload as image/png."
"Ready","penetrator","Penetrator.png","D:\GTA MOD DL's\Vehicles\GTA Popgroups Tool\Car Pics\images\Penetrator.png","0.41","Ready to upload as image/png."
"Ready","penumbra","Penumbra.png","D:\GTA MOD DL's\Vehicles\GTA Popgroups Tool\Car Pics\images\Penumbra.png","0.35","Ready to upload as image/png."
"Ready","penumbra2","penumbra2.png","D:\GTA MOD DL's\Vehicles\GTA Popgroups Tool\Car Pics\images\penumbra2.png","0.4","Ready to upload as image/png."
"Ready","peyote","Peyote.png","D:\GTA MOD DL's\Vehicles\GTA Popgroups Tool\Car Pics\images\Peyote.png","0.41","Ready to upload as image/png."
"Ready","peyote2","peyote2.png","D:\GTA MOD DL's\Vehicles\GTA Popgroups Tool\Car Pics\images\peyote2.png","0.41","Ready to upload as image/png."
"Ready","peyote3","peyote3.png","D:\GTA MOD DL's\Vehicles\GTA Popgroups Tool\Car Pics\images\peyote3.png","0.4","Ready to upload as image/png."
"Ready","pfister811","PFISTER811.png","D:\GTA MOD DL's\Vehicles\GTA Popgroups Tool\Car Pics\images\PFISTER811.png","0.41","Ready to upload as image/png."
"Ready","phantom","Phantom.png","D:\GTA MOD DL's\Vehicles\GTA Popgroups Tool\Car Pics\images\Phantom.png","0.32","Ready to upload as image/png."
"Ready","phantom2","Phantom2.png","D:\GTA MOD DL's\Vehicles\GTA Popgroups Tool\Car Pics\images\Phantom2.png","0.34","Ready to upload as image/png."
"Ready","phantom3","Phantom3.png","D:\GTA MOD DL's\Vehicles\GTA Popgroups Tool\Car Pics\images\Phantom3.png","0.33","Ready to upload as image/png."
"Ready","phantom4","Phantom4.png","D:\GTA MOD DL's\Vehicles\GTA Popgroups Tool\Car Pics\images\Phantom4.png","0.38","Ready to upload as image/png."
"Ready","phoenix","Phoenix.png","D:\GTA MOD DL's\Vehicles\GTA Popgroups Tool\Car Pics\images\Phoenix.png","0.41","Ready to upload as image/png."
"Ready","picador","Picador.png","D:\GTA MOD DL's\Vehicles\GTA Popgroups Tool\Car Pics\images\Picador.png","0.37","Ready to upload as image/png."
"Ready","pigalle","pigalle.jpg","D:\GTA MOD DL's\Vehicles\GTA Popgroups Tool\Car Pics\images\pigalle.jpg","0.09","Ready to upload as image/jpeg."
"Ready","pipistrello","pipistrello.png","D:\GTA MOD DL's\Vehicles\GTA Popgroups Tool\Car Pics\images\pipistrello.png","0.29","Ready to upload as image/png."
"Ready","pizzaboy","pizzaboy.png","D:\GTA MOD DL's\Vehicles\GTA Popgroups Tool\Car Pics\images\pizzaboy.png","0.35","Ready to upload as image/png."
"Ready","polbuffalo","polbuffalo.png","D:\GTA MOD DL's\Vehicles\GTA Popgroups Tool\Car Pics\images\polbuffalo.png","0.41","Ready to upload as image/png."
"Ready","polbuffalo6","polbuffalo6.png","D:\GTA MOD DL's\Vehicles\GTA Popgroups Tool\Car Pics\images\polbuffalo6.png","0.39","Ready to upload as image/png."
"Ready","polcaracara","polcaracara.png","D:\GTA MOD DL's\Vehicles\GTA Popgroups Tool\Car Pics\images\polcaracara.png","0.4","Ready to upload as image/png."
"Ready","polcoquette4","polcoquette4.png","D:\GTA MOD DL's\Vehicles\GTA Popgroups Tool\Car Pics\images\polcoquette4.png","0.37","Ready to upload as image/png."
"Ready","poldominator10","poldominator10.png","D:\GTA MOD DL's\Vehicles\GTA Popgroups Tool\Car Pics\images\poldominator10.png","0.32","Ready to upload as image/png."
"Ready","poldorado","poldorado.png","D:\GTA MOD DL's\Vehicles\GTA Popgroups Tool\Car Pics\images\poldorado.png","0.31","Ready to upload as image/png."
"Ready","polfaction2","polfaction2.png","D:\GTA MOD DL's\Vehicles\GTA Popgroups Tool\Car Pics\images\polfaction2.png","0.41","Ready to upload as image/png."
"Ready","polgauntlet","polgauntlet.png","D:\GTA MOD DL's\Vehicles\GTA Popgroups Tool\Car Pics\images\polgauntlet.png","0.32","Ready to upload as image/png."
"Ready","polgreenwood","polgreenwood.png","D:\GTA MOD DL's\Vehicles\GTA Popgroups Tool\Car Pics\images\polgreenwood.png","0.37","Ready to upload as image/png."
"Ready","police","Police.png","D:\GTA MOD DL's\Vehicles\GTA Popgroups Tool\Car Pics\images\Police.png","0.39","Ready to upload as image/png."
"Ready","police2","Police2.png","D:\GTA MOD DL's\Vehicles\GTA Popgroups Tool\Car Pics\images\Police2.png","0.3","Ready to upload as image/png."
"Ready","police3","Police3.png","D:\GTA MOD DL's\Vehicles\GTA Popgroups Tool\Car Pics\images\Police3.png","0.35","Ready to upload as image/png."
"Ready","police4","police4.png","D:\GTA MOD DL's\Vehicles\GTA Popgroups Tool\Car Pics\images\police4.png","0.31","Ready to upload as image/png."
"Ready","POLICE4B","police4b.png","D:\GTA MOD DL's\Vehicles\GTA Popgroups Tool\Car Pics\images\police4b.png","0.65","Ready to upload as image/png."
"Ready","police5","police5.png","D:\GTA MOD DL's\Vehicles\GTA Popgroups Tool\Car Pics\images\police5.png","0.38","Ready to upload as image/png."
"Ready","policeb","PoliceB.png","D:\GTA MOD DL's\Vehicles\GTA Popgroups Tool\Car Pics\images\PoliceB.png","0.44","Ready to upload as image/png."
"Ready","policeb2","policeb2.png","D:\GTA MOD DL's\Vehicles\GTA Popgroups Tool\Car Pics\images\policeb2.png","0.38","Ready to upload as image/png."
"Unmatched","policeexcutioner","policeexcutioner.png","D:\GTA MOD DL's\Vehicles\GTA Popgroups Tool\Car Pics\images\policeexcutioner.png","0.57","No matching D1 vehicle model."
"Ready","policek9","policek9.png","D:\GTA MOD DL's\Vehicles\GTA Popgroups Tool\Car Pics\images\policek9.png","0.62","Ready to upload as image/png."
"Ready","policeold1","policeold1.png","D:\GTA MOD DL's\Vehicles\GTA Popgroups Tool\Car Pics\images\policeold1.png","0.42","Ready to upload as image/png."
"Ready","policeold2","policeold2.png","D:\GTA MOD DL's\Vehicles\GTA Popgroups Tool\Car Pics\images\policeold2.png","0.42","Ready to upload as image/png."
"Ready","policepursuit","policepursuit.png","D:\GTA MOD DL's\Vehicles\GTA Popgroups Tool\Car Pics\images\policepursuit.png","0.77","Ready to upload as image/png."
"Ready","POLICESCOUT","policescout.png","D:\GTA MOD DL's\Vehicles\GTA Popgroups Tool\Car Pics\images\policescout.png","0.64","Ready to upload as image/png."
"Ready","policesl","policesl.png","D:\GTA MOD DL's\Vehicles\GTA Popgroups Tool\Car Pics\images\policesl.png","0.67","Ready to upload as image/png."
"Ready","policesovereign","policesovereign.png","D:\GTA MOD DL's\Vehicles\GTA Popgroups Tool\Car Pics\images\policesovereign.png","0.75","Ready to upload as image/png."
"Ready","policet","policet.png","D:\GTA MOD DL's\Vehicles\GTA Popgroups Tool\Car Pics\images\policet.png","0.34","Ready to upload as image/png."
"Ready","policet3","policet3.png","D:\GTA MOD DL's\Vehicles\GTA Popgroups Tool\Car Pics\images\policet3.png","0.37","Ready to upload as image/png."
"Ready","polimpaler5","polimpaler5.png","D:\GTA MOD DL's\Vehicles\GTA Popgroups Tool\Car Pics\images\polimpaler5.png","0.33","Ready to upload as image/png."
"Ready","polimpaler6","polimpaler6.png","D:\GTA MOD DL's\Vehicles\GTA Popgroups Tool\Car Pics\images\polimpaler6.png","0.35","Ready to upload as image/png."
"Ready","polmav","polmav.png","D:\GTA MOD DL's\Vehicles\GTA Popgroups Tool\Car Pics\images\polmav.png","0.34","Ready to upload as image/png."
"Ready","polterminus","polterminus.png","D:\GTA MOD DL's\Vehicles\GTA Popgroups Tool\Car Pics\images\polterminus.png","0.4","Ready to upload as image/png."
"Ready","pony","pony.png","D:\GTA MOD DL's\Vehicles\GTA Popgroups Tool\Car Pics\images\pony.png","0.34","Ready to upload as image/png."
"Ready","pony2","pony2.png","D:\GTA MOD DL's\Vehicles\GTA Popgroups Tool\Car Pics\images\pony2.png","0.32","Ready to upload as image/png."
"Ready","portpolice","portpolice.png","D:\GTA MOD DL's\Vehicles\GTA Popgroups Tool\Car Pics\images\portpolice.png","0.67","Ready to upload as image/png."
"Ready","portpolice2","portpolice2.png","D:\GTA MOD DL's\Vehicles\GTA Popgroups Tool\Car Pics\images\portpolice2.png","0.61","Ready to upload as image/png."
"Ready","portpolice3","portpolice3.png","D:\GTA MOD DL's\Vehicles\GTA Popgroups Tool\Car Pics\images\portpolice3.png","0.59","Ready to upload as image/png."
"Ready","portpolice4","portpolice4.png","D:\GTA MOD DL's\Vehicles\GTA Popgroups Tool\Car Pics\images\portpolice4.png","0.66","Ready to upload as image/png."
"Ready","portpolicek9","portpolicek9.png","D:\GTA MOD DL's\Vehicles\GTA Popgroups Tool\Car Pics\images\portpolicek9.png","0.67","Ready to upload as image/png."
"Ready","postlude","Postlude.png","D:\GTA MOD DL's\Vehicles\GTA Popgroups Tool\Car Pics\images\Postlude.png","0.39","Ready to upload as image/png."
"Ready","pounder","Pounder.png","D:\GTA MOD DL's\Vehicles\GTA Popgroups Tool\Car Pics\images\Pounder.png","0.38","Ready to upload as image/png."
"Ready","pounder2","Pounder2.png","D:\GTA MOD DL's\Vehicles\GTA Popgroups Tool\Car Pics\images\Pounder2.png","0.36","Ready to upload as image/png."
"Ready","powersurge","Powersurge.png","D:\GTA MOD DL's\Vehicles\GTA Popgroups Tool\Car Pics\images\Powersurge.png","0.44","Ready to upload as image/png."
"Ready","prairie","Prairie.png","D:\GTA MOD DL's\Vehicles\GTA Popgroups Tool\Car Pics\images\Prairie.png","0.37","Ready to upload as image/png."
"Ready","pranger","PRanger.png","D:\GTA MOD DL's\Vehicles\GTA Popgroups Tool\Car Pics\images\PRanger.png","0.38","Ready to upload as image/png."
"Ready","pranger2","pranger2.png","D:\GTA MOD DL's\Vehicles\GTA Popgroups Tool\Car Pics\images\pranger2.png","0.72","Ready to upload as image/png."
"Ready","PRANGER3","pranger3.png","D:\GTA MOD DL's\Vehicles\GTA Popgroups Tool\Car Pics\images\pranger3.png","0.75","Ready to upload as image/png."
"Ready","prangeratv","prangeratv.png","D:\GTA MOD DL's\Vehicles\GTA Popgroups Tool\Car Pics\images\prangeratv.png","0.69","Ready to upload as image/png."
"Ready","prangerk9","prangerk9.png","D:\GTA MOD DL's\Vehicles\GTA Popgroups Tool\Car Pics\images\prangerk9.png","0.68","Ready to upload as image/png."
"Ready","predator","predator.png","D:\GTA MOD DL's\Vehicles\GTA Popgroups Tool\Car Pics\images\predator.png","0.27","Ready to upload as image/png."
"Ready","premier","Premier.png","D:\GTA MOD DL's\Vehicles\GTA Popgroups Tool\Car Pics\images\Premier.png","0.35","Ready to upload as image/png."
"Ready","previon","previon.png","D:\GTA MOD DL's\Vehicles\GTA Popgroups Tool\Car Pics\images\previon.png","0.35","Ready to upload as image/png."
"Ready","primo","Primo.png","D:\GTA MOD DL's\Vehicles\GTA Popgroups Tool\Car Pics\images\Primo.png","0.36","Ready to upload as image/png."
"Ready","primo2","Primo2.png","D:\GTA MOD DL's\Vehicles\GTA Popgroups Tool\Car Pics\images\Primo2.png","0.39","Ready to upload as image/png."
"Ready","proptrailer","proptrailer.png","D:\GTA MOD DL's\Vehicles\GTA Popgroups Tool\Car Pics\images\proptrailer.png","0.24","Ready to upload as image/png."
"Ready","prototipo","Prototipo.png","D:\GTA MOD DL's\Vehicles\GTA Popgroups Tool\Car Pics\images\Prototipo.png","0.35","Ready to upload as image/png."
"Ready","pstan48","pstan48.png","D:\GTA MOD DL's\Vehicles\GTA Popgroups Tool\Car Pics\images\pstan48.png","0.8","Ready to upload as image/png."
"Ready","pstan48p","pstan48p.png","D:\GTA MOD DL's\Vehicles\GTA Popgroups Tool\Car Pics\images\pstan48p.png","0.84","Ready to upload as image/png."
"Ready","pyro","Pyro.png","D:\GTA MOD DL's\Vehicles\GTA Popgroups Tool\Car Pics\images\Pyro.png","0.37","Ready to upload as image/png."
"Ready","r300","r300.png","D:\GTA MOD DL's\Vehicles\GTA Popgroups Tool\Car Pics\images\r300.png","0.33","Ready to upload as image/png."
"Ready","r8","r8.png","D:\GTA MOD DL's\Vehicles\GTA Popgroups Tool\Car Pics\images\r8.png","0.85","Ready to upload as image/png."
"Ready","radi","Radi.png","D:\GTA MOD DL's\Vehicles\GTA Popgroups Tool\Car Pics\images\Radi.png","0.38","Ready to upload as image/png."
"Ready","raiden","Raiden.png","D:\GTA MOD DL's\Vehicles\GTA Popgroups Tool\Car Pics\images\Raiden.png","0.36","Ready to upload as image/png."
"Ready","raiju","Raiju.png","D:\GTA MOD DL's\Vehicles\GTA Popgroups Tool\Car Pics\images\Raiju.png","0.49","Ready to upload as image/png."
"Ready","raketrailer","raketrailer.png","D:\GTA MOD DL's\Vehicles\GTA Popgroups Tool\Car Pics\images\raketrailer.png","0.39","Ready to upload as image/png."
"Ready","rallytruck","rallytruck.png","D:\GTA MOD DL's\Vehicles\GTA Popgroups Tool\Car Pics\images\rallytruck.png","0.28","Ready to upload as image/png."
"Ready","rancherxl","RancherXL.png","D:\GTA MOD DL's\Vehicles\GTA Popgroups Tool\Car Pics\images\RancherXL.png","0.41","Ready to upload as image/png."
"Ready","rancherxl2","RancherXL2.png","D:\GTA MOD DL's\Vehicles\GTA Popgroups Tool\Car Pics\images\RancherXL2.png","0.4","Ready to upload as image/png."
"Ready","rapidgt","RapidGT.png","D:\GTA MOD DL's\Vehicles\GTA Popgroups Tool\Car Pics\images\RapidGT.png","0.4","Ready to upload as image/png."
"Ready","rapidgt2","RapidGT2.png","D:\GTA MOD DL's\Vehicles\GTA Popgroups Tool\Car Pics\images\RapidGT2.png","0.35","Ready to upload as image/png."
"Ready","rapidgt3","RapidGT3.png","D:\GTA MOD DL's\Vehicles\GTA Popgroups Tool\Car Pics\images\RapidGT3.png","0.36","Ready to upload as image/png."
"Ready","rapidgt4","rapidgt4.png","D:\GTA MOD DL's\Vehicles\GTA Popgroups Tool\Car Pics\images\rapidgt4.png","0.4","Ready to upload as image/png."
"Ready","raptor","Raptor.png","D:\GTA MOD DL's\Vehicles\GTA Popgroups Tool\Car Pics\images\Raptor.png","0.42","Ready to upload as image/png."
"Ready","raptorsxr25","raptorsxr25.png","D:\GTA MOD DL's\Vehicles\GTA Popgroups Tool\Car Pics\images\raptorsxr25.png","1.31","Ready to upload as image/png."
"Ready","ratbike","RatBike.png","D:\GTA MOD DL's\Vehicles\GTA Popgroups Tool\Car Pics\images\RatBike.png","0.41","Ready to upload as image/png."
"Ready","ratel","Ratel.png","D:\GTA MOD DL's\Vehicles\GTA Popgroups Tool\Car Pics\images\Ratel.png","0.38","Ready to upload as image/png."
"Ready","ratloader","ratloader.png","D:\GTA MOD DL's\Vehicles\GTA Popgroups Tool\Car Pics\images\ratloader.png","0.46","Ready to upload as image/png."
"Ready","ratloader2","ratloader2.png","D:\GTA MOD DL's\Vehicles\GTA Popgroups Tool\Car Pics\images\ratloader2.png","0.35","Ready to upload as image/png."
"Ready","rcbandito","rcbandito.png","D:\GTA MOD DL's\Vehicles\GTA Popgroups Tool\Car Pics\images\rcbandito.png","0.32","Ready to upload as image/png."
"Ready","reaper","Reaper.png","D:\GTA MOD DL's\Vehicles\GTA Popgroups Tool\Car Pics\images\Reaper.png","0.33","Ready to upload as image/png."
"Ready","rebel","Rebel.png","D:\GTA MOD DL's\Vehicles\GTA Popgroups Tool\Car Pics\images\Rebel.png","0.42","Ready to upload as image/png."
"Ready","rebel2","Rebel2.png","D:\GTA MOD DL's\Vehicles\GTA Popgroups Tool\Car Pics\images\Rebel2.png","0.41","Ready to upload as image/png."
"Ready","rebla","rebla.png","D:\GTA MOD DL's\Vehicles\GTA Popgroups Tool\Car Pics\images\rebla.png","0.36","Ready to upload as image/png."
"Ready","rebla_street","rebla_street.png","D:\GTA MOD DL's\Vehicles\GTA Popgroups Tool\Car Pics\images\rebla_street.png","0.77","Ready to upload as image/png."
"Ready","reever","reever.png","D:\GTA MOD DL's\Vehicles\GTA Popgroups Tool\Car Pics\images\reever.png","0.4","Ready to upload as image/png."
"Ready","regina","Regina.png","D:\GTA MOD DL's\Vehicles\GTA Popgroups Tool\Car Pics\images\Regina.png","0.4","Ready to upload as image/png."
"Ready","remus","remus.png","D:\GTA MOD DL's\Vehicles\GTA Popgroups Tool\Car Pics\images\remus.png","0.39","Ready to upload as image/png."
"Ready","rentalbus","Rentalbus.png","D:\GTA MOD DL's\Vehicles\GTA Popgroups Tool\Car Pics\images\Rentalbus.png","0.31","Ready to upload as image/png."
"Ready","retinue","Retinue.png","D:\GTA MOD DL's\Vehicles\GTA Popgroups Tool\Car Pics\images\Retinue.png","0.38","Ready to upload as image/png."
"Ready","retinue2","retinue2.png","D:\GTA MOD DL's\Vehicles\GTA Popgroups Tool\Car Pics\images\retinue2.png","0.35","Ready to upload as image/png."
"Ready","revolter","Revolter.png","D:\GTA MOD DL's\Vehicles\GTA Popgroups Tool\Car Pics\images\Revolter.png","0.38","Ready to upload as image/png."
"Unmatched","revueltosec","revueltosec.png","D:\GTA MOD DL's\Vehicles\GTA Popgroups Tool\Car Pics\images\revueltosec.png","1.51","No matching D1 vehicle model."
"Ready","rhapsody","Rhapsody.png","D:\GTA MOD DL's\Vehicles\GTA Popgroups Tool\Car Pics\images\Rhapsody.png","0.36","Ready to upload as image/png."
"Ready","rhinehart","rhinehart.png","D:\GTA MOD DL's\Vehicles\GTA Popgroups Tool\Car Pics\images\rhinehart.png","0.41","Ready to upload as image/png."
"Ready","rhino","Rhino.png","D:\GTA MOD DL's\Vehicles\GTA Popgroups Tool\Car Pics\images\Rhino.png","0.42","Ready to upload as image/png."
"Ready","rhino2","rhino2.png","D:\GTA MOD DL's\Vehicles\GTA Popgroups Tool\Car Pics\images\rhino2.png","0.79","Ready to upload as image/png."
"Ready","rhpolice","rhpolice.png","D:\GTA MOD DL's\Vehicles\GTA Popgroups Tool\Car Pics\images\rhpolice.png","0.65","Ready to upload as image/png."
"Ready","rhpolice2","rhpolice2.png","D:\GTA MOD DL's\Vehicles\GTA Popgroups Tool\Car Pics\images\rhpolice2.png","0.67","Ready to upload as image/png."
"Ready","rhpolice3","rhpolice3.png","D:\GTA MOD DL's\Vehicles\GTA Popgroups Tool\Car Pics\images\rhpolice3.png","0.72","Ready to upload as image/png."
"Ready","rhpolice5","rhpolice5.png","D:\GTA MOD DL's\Vehicles\GTA Popgroups Tool\Car Pics\images\rhpolice5.png","0.71","Ready to upload as image/png."
"Ready","rhpoliceb","rhpoliceb.png","D:\GTA MOD DL's\Vehicles\GTA Popgroups Tool\Car Pics\images\rhpoliceb.png","0.55","Ready to upload as image/png."
"Ready","rhpolicek9","rhpolicek9.png","D:\GTA MOD DL's\Vehicles\GTA Popgroups Tool\Car Pics\images\rhpolicek9.png","0.63","Ready to upload as image/png."
"Ready","riata","Riata.png","D:\GTA MOD DL's\Vehicles\GTA Popgroups Tool\Car Pics\images\Riata.png","0.35","Ready to upload as image/png."
"Ready","riot","riot.png","D:\GTA MOD DL's\Vehicles\GTA Popgroups Tool\Car Pics\images\riot.png","0.3","Ready to upload as image/png."
"Ready","riot2","riot2.png","D:\GTA MOD DL's\Vehicles\GTA Popgroups Tool\Car Pics\images\riot2.png","0.34","Ready to upload as image/png."
"Ready","ripley","Ripley.png","D:\GTA MOD DL's\Vehicles\GTA Popgroups Tool\Car Pics\images\Ripley.png","0.33","Ready to upload as image/png."
"Unmatched","riviera79","riviera79.png","D:\GTA MOD DL's\Vehicles\GTA Popgroups Tool\Car Pics\images\riviera79.png","1.5","No matching D1 vehicle model."
"Ready","rocoto","Rocoto.png","D:\GTA MOD DL's\Vehicles\GTA Popgroups Tool\Car Pics\images\Rocoto.png","0.35","Ready to upload as image/png."
"Ready","rogue","Rogue.png","D:\GTA MOD DL's\Vehicles\GTA Popgroups Tool\Car Pics\images\Rogue.png","0.39","Ready to upload as image/png."
"Ready","rom","rom.png","D:\GTA MOD DL's\Vehicles\GTA Popgroups Tool\Car Pics\images\rom.png","1.28","Ready to upload as image/png."
"Ready","romero","Romero.png","D:\GTA MOD DL's\Vehicles\GTA Popgroups Tool\Car Pics\images\Romero.png","0.34","Ready to upload as image/png."
"Ready","rrd17","rrd17.png","D:\GTA MOD DL's\Vehicles\GTA Popgroups Tool\Car Pics\images\rrd17.png","1.45","Ready to upload as image/png."
"Ready","rrocket","rrocket.png","D:\GTA MOD DL's\Vehicles\GTA Popgroups Tool\Car Pics\images\rrocket.png","0.43","Ready to upload as image/png."
"Ready","rt3000","rt3000.png","D:\GTA MOD DL's\Vehicles\GTA Popgroups Tool\Car Pics\images\rt3000.png","0.35","Ready to upload as image/png."
"Ready","rubble","Rubble.png","D:\GTA MOD DL's\Vehicles\GTA Popgroups Tool\Car Pics\images\Rubble.png","0.39","Ready to upload as image/png."
"Ready","ruffian","Ruffian.png","D:\GTA MOD DL's\Vehicles\GTA Popgroups Tool\Car Pics\images\Ruffian.png","0.36","Ready to upload as image/png."
"Ready","ruiner","Ruiner.png","D:\GTA MOD DL's\Vehicles\GTA Popgroups Tool\Car Pics\images\Ruiner.png","0.4","Ready to upload as image/png."
"Ready","ruiner2","Ruiner2.png","D:\GTA MOD DL's\Vehicles\GTA Popgroups Tool\Car Pics\images\Ruiner2.png","0.37","Ready to upload as image/png."
"Ready","ruiner3","Ruiner3.png","D:\GTA MOD DL's\Vehicles\GTA Popgroups Tool\Car Pics\images\Ruiner3.png","0.35","Ready to upload as image/png."
"Ready","ruiner4","Ruiner4.png","D:\GTA MOD DL's\Vehicles\GTA Popgroups Tool\Car Pics\images\Ruiner4.png","0.35","Ready to upload as image/png."
"Ready","rumpo","Rumpo.png","D:\GTA MOD DL's\Vehicles\GTA Popgroups Tool\Car Pics\images\Rumpo.png","0.32","Ready to upload as image/png."
"Ready","rumpo2","Rumpo2.png","D:\GTA MOD DL's\Vehicles\GTA Popgroups Tool\Car Pics\images\Rumpo2.png","0.33","Ready to upload as image/png."
"Ready","rumpo3","Rumpo3.png","D:\GTA MOD DL's\Vehicles\GTA Popgroups Tool\Car Pics\images\Rumpo3.png","0.33","Ready to upload as image/png."
"Ready","rumpos","rumpos.png","D:\GTA MOD DL's\Vehicles\GTA Popgroups Tool\Car Pics\images\rumpos.png","1.53","Ready to upload as image/png."
"Ready","ruston","ruston.png","D:\GTA MOD DL's\Vehicles\GTA Popgroups Tool\Car Pics\images\ruston.png","0.37","Ready to upload as image/png."
"Ready","s500w222","s500w222.png","D:\GTA MOD DL's\Vehicles\GTA Popgroups Tool\Car Pics\images\s500w222.png","0.84","Ready to upload as image/png."
"Ready","s550","s550.png","D:\GTA MOD DL's\Vehicles\GTA Popgroups Tool\Car Pics\images\s550.png","0.56","Ready to upload as image/png."
"Ready","s600w220","s600w220.png","D:\GTA MOD DL's\Vehicles\GTA Popgroups Tool\Car Pics\images\s600w220.png","1.35","Ready to upload as image/png."
"Ready","s63w","s63w.png","D:\GTA MOD DL's\Vehicles\GTA Popgroups Tool\Car Pics\images\s63w.png","1.34","Ready to upload as image/png."
"Ready","s63w2","s63w2.png","D:\GTA MOD DL's\Vehicles\GTA Popgroups Tool\Car Pics\images\s63w2.png","0.87","Ready to upload as image/png."
"Ready","s65w222","s65w222.png","D:\GTA MOD DL's\Vehicles\GTA Popgroups Tool\Car Pics\images\s65w222.png","1.27","Ready to upload as image/png."
"Ready","s80","s80.png","D:\GTA MOD DL's\Vehicles\GTA Popgroups Tool\Car Pics\images\s80.png","0.42","Ready to upload as image/png."
"Ready","s95","S95.png","D:\GTA MOD DL's\Vehicles\GTA Popgroups Tool\Car Pics\images\S95.png","0.39","Ready to upload as image/png."
"Ready","sabregt","Sabregt.png","D:\GTA MOD DL's\Vehicles\GTA Popgroups Tool\Car Pics\images\Sabregt.png","0.4","Ready to upload as image/png."
"Ready","sabregt2","Sabregt2.png","D:\GTA MOD DL's\Vehicles\GTA Popgroups Tool\Car Pics\images\Sabregt2.png","0.39","Ready to upload as image/png."
"Ready","sadler","Sadler.png","D:\GTA MOD DL's\Vehicles\GTA Popgroups Tool\Car Pics\images\Sadler.png","0.39","Ready to upload as image/png."
"Ready","sadler2","Sadler2.png","D:\GTA MOD DL's\Vehicles\GTA Popgroups Tool\Car Pics\images\Sadler2.png","0.4","Ready to upload as image/png."
"Ready","sanchez","Sanchez.png","D:\GTA MOD DL's\Vehicles\GTA Popgroups Tool\Car Pics\images\Sanchez.png","0.42","Ready to upload as image/png."
"Ready","sanchez2","Sanchez2.png","D:\GTA MOD DL's\Vehicles\GTA Popgroups Tool\Car Pics\images\Sanchez2.png","0.4","Ready to upload as image/png."
"Ready","sanctus","Sanctus.png","D:\GTA MOD DL's\Vehicles\GTA Popgroups Tool\Car Pics\images\Sanctus.png","0.41","Ready to upload as image/png."
"Ready","sandking","Sandking.png","D:\GTA MOD DL's\Vehicles\GTA Popgroups Tool\Car Pics\images\Sandking.png","0.41","Ready to upload as image/png."
"Ready","sandking2","Sandking2.png","D:\GTA MOD DL's\Vehicles\GTA Popgroups Tool\Car Pics\images\Sandking2.png","0.38","Ready to upload as image/png."
"Ready","savage","Savage.png","D:\GTA MOD DL's\Vehicles\GTA Popgroups Tool\Car Pics\images\Savage.png","0.44","Ready to upload as image/png."
"Ready","savestra","Savestra.png","D:\GTA MOD DL's\Vehicles\GTA Popgroups Tool\Car Pics\images\Savestra.png","0.34","Ready to upload as image/png."
"Ready","sc1","SC1.png","D:\GTA MOD DL's\Vehicles\GTA Popgroups Tool\Car Pics\images\SC1.png","0.42","Ready to upload as image/png."
"Ready","scarab","scarab.png","D:\GTA MOD DL's\Vehicles\GTA Popgroups Tool\Car Pics\images\scarab.png","0.35","Ready to upload as image/png."
"Ready","scarab2","scarab2.png","D:\GTA MOD DL's\Vehicles\GTA Popgroups Tool\Car Pics\images\scarab2.png","0.34","Ready to upload as image/png."
"Ready","scarab3","scarab3.png","D:\GTA MOD DL's\Vehicles\GTA Popgroups Tool\Car Pics\images\scarab3.png","0.36","Ready to upload as image/png."
"Ready","schafter2","Schafter2.png","D:\GTA MOD DL's\Vehicles\GTA Popgroups Tool\Car Pics\images\Schafter2.png","0.39","Ready to upload as image/png."
"Ready","schafter3","Schafter3.png","D:\GTA MOD DL's\Vehicles\GTA Popgroups Tool\Car Pics\images\Schafter3.png","0.35","Ready to upload as image/png."
"Ready","schafter4","Schafter4.png","D:\GTA MOD DL's\Vehicles\GTA Popgroups Tool\Car Pics\images\Schafter4.png","0.35","Ready to upload as image/png."
"Ready","schafter5","Schafter5.png","D:\GTA MOD DL's\Vehicles\GTA Popgroups Tool\Car Pics\images\Schafter5.png","0.31","Ready to upload as image/png."
"Ready","schafter6","Schafter6.png","D:\GTA MOD DL's\Vehicles\GTA Popgroups Tool\Car Pics\images\Schafter6.png","0.35","Ready to upload as image/png."
"Ready","schlagen","Schlagen.png","D:\GTA MOD DL's\Vehicles\GTA Popgroups Tool\Car Pics\images\Schlagen.png","0.36","Ready to upload as image/png."
"Ready","schwarzer","Schwarzer.png","D:\GTA MOD DL's\Vehicles\GTA Popgroups Tool\Car Pics\images\Schwarzer.png","0.35","Ready to upload as image/png."
"Ready","scorcher","Scorcher.png","D:\GTA MOD DL's\Vehicles\GTA Popgroups Tool\Car Pics\images\Scorcher.png","0.36","Ready to upload as image/png."
"Ready","scramjet","Scramjet.png","D:\GTA MOD DL's\Vehicles\GTA Popgroups Tool\Car Pics\images\Scramjet.png","0.43","Ready to upload as image/png."
"Ready","scrap","Scrap.png","D:\GTA MOD DL's\Vehicles\GTA Popgroups Tool\Car Pics\images\Scrap.png","0.41","Ready to upload as image/png."
"Ready","seabreeze","Seabreeze.png","D:\GTA MOD DL's\Vehicles\GTA Popgroups Tool\Car Pics\images\Seabreeze.png","0.34","Ready to upload as image/png."
"Ready","seashark","Seashark.png","D:\GTA MOD DL's\Vehicles\GTA Popgroups Tool\Car Pics\images\Seashark.png","0.31","Ready to upload as image/png."
"Ready","seashark2","Seashark2.png","D:\GTA MOD DL's\Vehicles\GTA Popgroups Tool\Car Pics\images\Seashark2.png","0.27","Ready to upload as image/png."
"Ready","seashark3","Seashark3.png","D:\GTA MOD DL's\Vehicles\GTA Popgroups Tool\Car Pics\images\Seashark3.png","0.26","Ready to upload as image/png."
"Ready","seasparrow","SeaSparrow.png","D:\GTA MOD DL's\Vehicles\GTA Popgroups Tool\Car Pics\images\SeaSparrow.png","0.3","Ready to upload as image/png."
"Ready","seasparrow2","SeaSparrow2.png","D:\GTA MOD DL's\Vehicles\GTA Popgroups Tool\Car Pics\images\SeaSparrow2.png","0.47","Ready to upload as image/png."
"Ready","seasparrow3","seasparrow3.png","D:\GTA MOD DL's\Vehicles\GTA Popgroups Tool\Car Pics\images\seasparrow3.png","0.37","Ready to upload as image/png."
"Ready","security","security.png","D:\GTA MOD DL's\Vehicles\GTA Popgroups Tool\Car Pics\images\security.png","0.68","Ready to upload as image/png."
"Ready","security2","security2.png","D:\GTA MOD DL's\Vehicles\GTA Popgroups Tool\Car Pics\images\security2.png","0.77","Ready to upload as image/png."
"Ready","SECURITY3","security3.png","D:\GTA MOD DL's\Vehicles\GTA Popgroups Tool\Car Pics\images\security3.png","0.69","Ready to upload as image/png."
"Ready","security4","security4.png","D:\GTA MOD DL's\Vehicles\GTA Popgroups Tool\Car Pics\images\security4.png","0.76","Ready to upload as image/png."
"Ready","securitynightshark","securitynightshark.png","D:\GTA MOD DL's\Vehicles\GTA Popgroups Tool\Car Pics\images\securitynightshark.png","0.7","Ready to upload as image/png."
"Ready","seminole","Seminole.png","D:\GTA MOD DL's\Vehicles\GTA Popgroups Tool\Car Pics\images\Seminole.png","0.34","Ready to upload as image/png."
"Ready","seminole2","seminole2.png","D:\GTA MOD DL's\Vehicles\GTA Popgroups Tool\Car Pics\images\seminole2.png","0.38","Ready to upload as image/png."
"Ready","senhart","senhart.png","D:\GTA MOD DL's\Vehicles\GTA Popgroups Tool\Car Pics\images\senhart.png","0.73","Ready to upload as image/png."
"Ready","sentinel","Sentinel.png","D:\GTA MOD DL's\Vehicles\GTA Popgroups Tool\Car Pics\images\Sentinel.png","0.39","Ready to upload as image/png."
"Ready","sentinel2","Sentinel2.png","D:\GTA MOD DL's\Vehicles\GTA Popgroups Tool\Car Pics\images\Sentinel2.png","0.34","Ready to upload as image/png."
"Ready","sentinel3","Sentinel3.png","D:\GTA MOD DL's\Vehicles\GTA Popgroups Tool\Car Pics\images\Sentinel3.png","0.38","Ready to upload as image/png."
"Ready","sentinel4","Sentinel4.png","D:\GTA MOD DL's\Vehicles\GTA Popgroups Tool\Car Pics\images\Sentinel4.png","0.41","Ready to upload as image/png."
"Ready","sentinel5","sentinel5.png","D:\GTA MOD DL's\Vehicles\GTA Popgroups Tool\Car Pics\images\sentinel5.png","0.41","Ready to upload as image/png."
"Ready","sentinel5_street","sentinel5_street.png","D:\GTA MOD DL's\Vehicles\GTA Popgroups Tool\Car Pics\images\sentinel5_street.png","0.66","Ready to upload as image/png."
"Ready","sentinel6","sentinel6.png","D:\GTA MOD DL's\Vehicles\GTA Popgroups Tool\Car Pics\images\sentinel6.png","0.39","Ready to upload as image/png."
"Ready","serrano","Serrano.png","D:\GTA MOD DL's\Vehicles\GTA Popgroups Tool\Car Pics\images\Serrano.png","0.37","Ready to upload as image/png."
"Ready","seven70","Seven70.png","D:\GTA MOD DL's\Vehicles\GTA Popgroups Tool\Car Pics\images\Seven70.png","0.39","Ready to upload as image/png."
"Ready","shamal","shamal.png","D:\GTA MOD DL's\Vehicles\GTA Popgroups Tool\Car Pics\images\shamal.png","0.33","Ready to upload as image/png."
"Ready","sheava","SHEAVA.png","D:\GTA MOD DL's\Vehicles\GTA Popgroups Tool\Car Pics\images\SHEAVA.png","0.32","Ready to upload as image/png."
"Ready","sheriff","sheriff.png","D:\GTA MOD DL's\Vehicles\GTA Popgroups Tool\Car Pics\images\sheriff.png","0.38","Ready to upload as image/png."
"Ready","sheriff2","Sheriff2.png","D:\GTA MOD DL's\Vehicles\GTA Popgroups Tool\Car Pics\images\Sheriff2.png","0.35","Ready to upload as image/png."
"Unmatched","sherrif3","sherrif3.png","D:\GTA MOD DL's\Vehicles\GTA Popgroups Tool\Car Pics\images\sherrif3.png","0.79","No matching D1 vehicle model."
"Ready","shinobi","shinobi.png","D:\GTA MOD DL's\Vehicles\GTA Popgroups Tool\Car Pics\images\shinobi.png","0.38","Ready to upload as image/png."
"Ready","shotaro","Shotaro.png","D:\GTA MOD DL's\Vehicles\GTA Popgroups Tool\Car Pics\images\Shotaro.png","0.34","Ready to upload as image/png."
"Ready","silv86","silv86.png","D:\GTA MOD DL's\Vehicles\GTA Popgroups Tool\Car Pics\images\silv86.png","0.6","Ready to upload as image/png."
"Ready","sixtyone41","sixtyone41.png","D:\GTA MOD DL's\Vehicles\GTA Popgroups Tool\Car Pics\images\sixtyone41.png","0.31","Ready to upload as image/png."
"Ready","skylift","Skylift.png","D:\GTA MOD DL's\Vehicles\GTA Popgroups Tool\Car Pics\images\Skylift.png","0.36","Ready to upload as image/png."
"Ready","sl63amg22","sl63amg22.png","D:\GTA MOD DL's\Vehicles\GTA Popgroups Tool\Car Pics\images\sl63amg22.png","0.85","Ready to upload as image/png."
"Ready","slamtruck","slamtruck.png","D:\GTA MOD DL's\Vehicles\GTA Popgroups Tool\Car Pics\images\slamtruck.png","0.35","Ready to upload as image/png."
"Ready","slamvan","Slamvan.png","D:\GTA MOD DL's\Vehicles\GTA Popgroups Tool\Car Pics\images\Slamvan.png","0.39","Ready to upload as image/png."
"Ready","slamvan2","Slamvan2.png","D:\GTA MOD DL's\Vehicles\GTA Popgroups Tool\Car Pics\images\Slamvan2.png","0.42","Ready to upload as image/png."
"Ready","slamvan3","Slamvan3.png","D:\GTA MOD DL's\Vehicles\GTA Popgroups Tool\Car Pics\images\Slamvan3.png","0.37","Ready to upload as image/png."
"Ready","slamvan4","Slamvan4.png","D:\GTA MOD DL's\Vehicles\GTA Popgroups Tool\Car Pics\images\Slamvan4.png","0.32","Ready to upload as image/png."
"Ready","slamvan5","Slamvan5.png","D:\GTA MOD DL's\Vehicles\GTA Popgroups Tool\Car Pics\images\Slamvan5.png","0.32","Ready to upload as image/png."
"Ready","slamvan6","Slamvan6.png","D:\GTA MOD DL's\Vehicles\GTA Popgroups Tool\Car Pics\images\Slamvan6.png","0.34","Ready to upload as image/png."
"Ready","sm722","sm722.png","D:\GTA MOD DL's\Vehicles\GTA Popgroups Tool\Car Pics\images\sm722.png","0.38","Ready to upload as image/png."
"Ready","sovereign","Sovereign.png","D:\GTA MOD DL's\Vehicles\GTA Popgroups Tool\Car Pics\images\Sovereign.png","0.44","Ready to upload as image/png."
"Ready","specter","Specter.png","D:\GTA MOD DL's\Vehicles\GTA Popgroups Tool\Car Pics\images\Specter.png","0.34","Ready to upload as image/png."
"Ready","specter2","Specter2.png","D:\GTA MOD DL's\Vehicles\GTA Popgroups Tool\Car Pics\images\Specter2.png","0.37","Ready to upload as image/png."
"Ready","speeder","Speeder.png","D:\GTA MOD DL's\Vehicles\GTA Popgroups Tool\Car Pics\images\Speeder.png","0.33","Ready to upload as image/png."
"Ready","speeder2","Speeder2.png","D:\GTA MOD DL's\Vehicles\GTA Popgroups Tool\Car Pics\images\Speeder2.png","0.29","Ready to upload as image/png."
"Ready","speedo","Speedo.png","D:\GTA MOD DL's\Vehicles\GTA Popgroups Tool\Car Pics\images\Speedo.png","0.34","Ready to upload as image/png."
"Ready","speedo2","speedo2.png","D:\GTA MOD DL's\Vehicles\GTA Popgroups Tool\Car Pics\images\speedo2.png","0.34","Ready to upload as image/png."
"Ready","speedo4","Speedo4.png","D:\GTA MOD DL's\Vehicles\GTA Popgroups Tool\Car Pics\images\Speedo4.png","0.29","Ready to upload as image/png."
"Ready","speedo5","Speedo5.png","D:\GTA MOD DL's\Vehicles\GTA Popgroups Tool\Car Pics\images\Speedo5.png","0.37","Ready to upload as image/png."
"Ready","squaddie","Squaddie.png","D:\GTA MOD DL's\Vehicles\GTA Popgroups Tool\Car Pics\images\Squaddie.png","0.43","Ready to upload as image/png."
"Ready","squaddie2","squaddie2.png","D:\GTA MOD DL's\Vehicles\GTA Popgroups Tool\Car Pics\images\squaddie2.png","0.45","Ready to upload as image/png."
"Ready","squaddie3","squaddie3.png","D:\GTA MOD DL's\Vehicles\GTA Popgroups Tool\Car Pics\images\squaddie3.png","0.56","Ready to upload as image/png."
"Ready","squalo","Squalo.png","D:\GTA MOD DL's\Vehicles\GTA Popgroups Tool\Car Pics\images\Squalo.png","0.29","Ready to upload as image/png."
"Ready","stafford","Stafford.png","D:\GTA MOD DL's\Vehicles\GTA Popgroups Tool\Car Pics\images\Stafford.png","0.33","Ready to upload as image/png."
"Ready","stalion","Stalion.png","D:\GTA MOD DL's\Vehicles\GTA Popgroups Tool\Car Pics\images\Stalion.png","0.4","Ready to upload as image/png."
"Ready","stalion2","Stalion2.png","D:\GTA MOD DL's\Vehicles\GTA Popgroups Tool\Car Pics\images\Stalion2.png","0.41","Ready to upload as image/png."
"Ready","stanier","Stanier.png","D:\GTA MOD DL's\Vehicles\GTA Popgroups Tool\Car Pics\images\Stanier.png","0.37","Ready to upload as image/png."
"Ready","starling","Starling.png","D:\GTA MOD DL's\Vehicles\GTA Popgroups Tool\Car Pics\images\Starling.png","0.37","Ready to upload as image/png."
"Ready","stinger","Stinger.png","D:\GTA MOD DL's\Vehicles\GTA Popgroups Tool\Car Pics\images\Stinger.png","0.37","Ready to upload as image/png."
"Ready","stingergt","StingerGT.png","D:\GTA MOD DL's\Vehicles\GTA Popgroups Tool\Car Pics\images\StingerGT.png","0.39","Ready to upload as image/png."
"Ready","stingertt","StingerTT.png","D:\GTA MOD DL's\Vehicles\GTA Popgroups Tool\Car Pics\images\StingerTT.png","0.39","Ready to upload as image/png."
"Ready","stingray66","stingray66.png","D:\GTA MOD DL's\Vehicles\GTA Popgroups Tool\Car Pics\images\stingray66.png","0.92","Ready to upload as image/png."
"Ready","stockade","Stockade.png","D:\GTA MOD DL's\Vehicles\GTA Popgroups Tool\Car Pics\images\Stockade.png","0.32","Ready to upload as image/png."
"Ready","stockade3","Stockade3.png","D:\GTA MOD DL's\Vehicles\GTA Popgroups Tool\Car Pics\images\Stockade3.png","0.38","Ready to upload as image/png."
"Ready","stockade4","stockade4.png","D:\GTA MOD DL's\Vehicles\GTA Popgroups Tool\Car Pics\images\stockade4.png","0.37","Ready to upload as image/png."
"Ready","stratum","Stratum.png","D:\GTA MOD DL's\Vehicles\GTA Popgroups Tool\Car Pics\images\Stratum.png","0.35","Ready to upload as image/png."
"Ready","streamer216","Streamer216.png","D:\GTA MOD DL's\Vehicles\GTA Popgroups Tool\Car Pics\images\Streamer216.png","0.43","Ready to upload as image/png."
"Ready","streiter","Streiter.png","D:\GTA MOD DL's\Vehicles\GTA Popgroups Tool\Car Pics\images\Streiter.png","0.35","Ready to upload as image/png."
"Ready","streiter_grovados","streiter_grovados.png","D:\GTA MOD DL's\Vehicles\GTA Popgroups Tool\Car Pics\images\streiter_grovados.png","0.75","Ready to upload as image/png."
"Ready","stretch","Stretch.png","D:\GTA MOD DL's\Vehicles\GTA Popgroups Tool\Car Pics\images\Stretch.png","0.36","Ready to upload as image/png."
"Ready","strikeforce","Strikeforce.png","D:\GTA MOD DL's\Vehicles\GTA Popgroups Tool\Car Pics\images\Strikeforce.png","0.39","Ready to upload as image/png."
"Ready","stromberg","Stromberg.png","D:\GTA MOD DL's\Vehicles\GTA Popgroups Tool\Car Pics\images\Stromberg.png","0.32","Ready to upload as image/png."
"Ready","Stryder","stryder.png","D:\GTA MOD DL's\Vehicles\GTA Popgroups Tool\Car Pics\images\stryder.png","0.38","Ready to upload as image/png."
"Ready","stunt","stunt.png","D:\GTA MOD DL's\Vehicles\GTA Popgroups Tool\Car Pics\images\stunt.png","0.43","Ready to upload as image/png."
"Ready","submersible","Submersible.png","D:\GTA MOD DL's\Vehicles\GTA Popgroups Tool\Car Pics\images\Submersible.png","0.35","Ready to upload as image/png."
"Ready","submersible2","Submersible2.png","D:\GTA MOD DL's\Vehicles\GTA Popgroups Tool\Car Pics\images\Submersible2.png","0.37","Ready to upload as image/png."
"Ready","Sugoi","sugoi.png","D:\GTA MOD DL's\Vehicles\GTA Popgroups Tool\Car Pics\images\sugoi.png","0.37","Ready to upload as image/png."
"Ready","sultan","Sultan.png","D:\GTA MOD DL's\Vehicles\GTA Popgroups Tool\Car Pics\images\Sultan.png","0.38","Ready to upload as image/png."
"Ready","sultan2","sultan2.png","D:\GTA MOD DL's\Vehicles\GTA Popgroups Tool\Car Pics\images\sultan2.png","0.36","Ready to upload as image/png."
"Ready","sultan3","sultan3.png","D:\GTA MOD DL's\Vehicles\GTA Popgroups Tool\Car Pics\images\sultan3.png","0.38","Ready to upload as image/png."
"Ready","sultanrs","SultanRS.png","D:\GTA MOD DL's\Vehicles\GTA Popgroups Tool\Car Pics\images\SultanRS.png","0.35","Ready to upload as image/png."
"Ready","suntrap","Suntrap.png","D:\GTA MOD DL's\Vehicles\GTA Popgroups Tool\Car Pics\images\Suntrap.png","0.32","Ready to upload as image/png."
"Ready","superd","SuperD.png","D:\GTA MOD DL's\Vehicles\GTA Popgroups Tool\Car Pics\images\SuperD.png","0.36","Ready to upload as image/png."
"Ready","supervolito","supervolito.png","D:\GTA MOD DL's\Vehicles\GTA Popgroups Tool\Car Pics\images\supervolito.png","0.33","Ready to upload as image/png."
"Ready","supervolito2","supervolito2.png","D:\GTA MOD DL's\Vehicles\GTA Popgroups Tool\Car Pics\images\supervolito2.png","0.32","Ready to upload as image/png."
"Ready","supra","supra.png","D:\GTA MOD DL's\Vehicles\GTA Popgroups Tool\Car Pics\images\supra.png","0.87","Ready to upload as image/png."
"Unmatched","supragr","supragr.png","D:\GTA MOD DL's\Vehicles\GTA Popgroups Tool\Car Pics\images\supragr.png","1","No matching D1 vehicle model."
"Ready","surano","Surano.png","D:\GTA MOD DL's\Vehicles\GTA Popgroups Tool\Car Pics\images\Surano.png","0.34","Ready to upload as image/png."
"Ready","surfer","Surfer.png","D:\GTA MOD DL's\Vehicles\GTA Popgroups Tool\Car Pics\images\Surfer.png","0.32","Ready to upload as image/png."
"Ready","surfer2","Surfer2.png","D:\GTA MOD DL's\Vehicles\GTA Popgroups Tool\Car Pics\images\Surfer2.png","0.39","Ready to upload as image/png."
"Ready","surfer3","Surfer3.png","D:\GTA MOD DL's\Vehicles\GTA Popgroups Tool\Car Pics\images\Surfer3.png","0.37","Ready to upload as image/png."
"Ready","surge","Surge.png","D:\GTA MOD DL's\Vehicles\GTA Popgroups Tool\Car Pics\images\Surge.png","0.34","Ready to upload as image/png."
"Ready","suzume","suzume.png","D:\GTA MOD DL's\Vehicles\GTA Popgroups Tool\Car Pics\images\suzume.png","0.37","Ready to upload as image/png."
"Ready","swift","Swift.png","D:\GTA MOD DL's\Vehicles\GTA Popgroups Tool\Car Pics\images\Swift.png","0.33","Ready to upload as image/png."
"Ready","swift2","Swift2.png","D:\GTA MOD DL's\Vehicles\GTA Popgroups Tool\Car Pics\images\Swift2.png","0.32","Ready to upload as image/png."
"Ready","swinger","Swinger.png","D:\GTA MOD DL's\Vehicles\GTA Popgroups Tool\Car Pics\images\Swinger.png","0.38","Ready to upload as image/png."
"Unmatched","sxf80","sxf80.png","D:\GTA MOD DL's\Vehicles\GTA Popgroups Tool\Car Pics\images\sxf80.png","0.69","No matching D1 vehicle model."
"Ready","t20","T20.png","D:\GTA MOD DL's\Vehicles\GTA Popgroups Tool\Car Pics\images\T20.png","0.29","Ready to upload as image/png."
"Ready","taco","Taco.png","D:\GTA MOD DL's\Vehicles\GTA Popgroups Tool\Car Pics\images\Taco.png","0.34","Ready to upload as image/png."
"Ready","tahoma","Tahoma.png","D:\GTA MOD DL's\Vehicles\GTA Popgroups Tool\Car Pics\images\Tahoma.png","0.44","Ready to upload as image/png."
"Ready","tailgater","Tailgater.png","D:\GTA MOD DL's\Vehicles\GTA Popgroups Tool\Car Pics\images\Tailgater.png","0.38","Ready to upload as image/png."
"Ready","tailgater2","tailgater2.png","D:\GTA MOD DL's\Vehicles\GTA Popgroups Tool\Car Pics\images\tailgater2.png","0.4","Ready to upload as image/png."
"Ready","tailgater2wb","tailgater2wb.png","D:\GTA MOD DL's\Vehicles\GTA Popgroups Tool\Car Pics\images\tailgater2wb.png","0.58","Ready to upload as image/png."
"Ready","tailgater2wbc","tailgater2wbc.png","D:\GTA MOD DL's\Vehicles\GTA Popgroups Tool\Car Pics\images\tailgater2wbc.png","0.79","Ready to upload as image/png."
"Ready","taipan","Taipan.png","D:\GTA MOD DL's\Vehicles\GTA Popgroups Tool\Car Pics\images\Taipan.png","0.36","Ready to upload as image/png."
"Ready","tampa","Tampa.png","D:\GTA MOD DL's\Vehicles\GTA Popgroups Tool\Car Pics\images\Tampa.png","0.4","Ready to upload as image/png."
"Ready","tampa2","Tampa2.png","D:\GTA MOD DL's\Vehicles\GTA Popgroups Tool\Car Pics\images\Tampa2.png","0.34","Ready to upload as image/png."
"Ready","tampa3","tampa3.png","D:\GTA MOD DL's\Vehicles\GTA Popgroups Tool\Car Pics\images\tampa3.png","0.37","Ready to upload as image/png."
"Ready","tampa4","tampa4.png","D:\GTA MOD DL's\Vehicles\GTA Popgroups Tool\Car Pics\images\tampa4.png","0.51","Ready to upload as image/png."
"Ready","tanker","Tanker.png","D:\GTA MOD DL's\Vehicles\GTA Popgroups Tool\Car Pics\images\Tanker.png","0.36","Ready to upload as image/png."
"Ready","tanker2","Tanker2.png","D:\GTA MOD DL's\Vehicles\GTA Popgroups Tool\Car Pics\images\Tanker2.png","0.36","Ready to upload as image/png."
"Ready","tankercar","tankercar.png","D:\GTA MOD DL's\Vehicles\GTA Popgroups Tool\Car Pics\images\tankercar.png","0.3","Ready to upload as image/png."
"Ready","taurus92","taurus92.png","D:\GTA MOD DL's\Vehicles\GTA Popgroups Tool\Car Pics\images\taurus92.png","0.68","Ready to upload as image/png."
"Ready","taxi","taxi.png","D:\GTA MOD DL's\Vehicles\GTA Popgroups Tool\Car Pics\images\taxi.png","0.38","Ready to upload as image/png."
"Ready","taxi2","taxi2.png","D:\GTA MOD DL's\Vehicles\GTA Popgroups Tool\Car Pics\images\taxi2.png","0.63","Ready to upload as image/png."
"Ready","taxi3","taxi3.png","D:\GTA MOD DL's\Vehicles\GTA Popgroups Tool\Car Pics\images\taxi3.png","0.9","Ready to upload as image/png."
"Ready","taxi4","taxi4.png","D:\GTA MOD DL's\Vehicles\GTA Popgroups Tool\Car Pics\images\taxi4.png","0.66","Ready to upload as image/png."
"Ready","taxi5","taxi5.png","D:\GTA MOD DL's\Vehicles\GTA Popgroups Tool\Car Pics\images\taxi5.png","0.75","Ready to upload as image/png."
"Ready","tbird64","tbird64.png","D:\GTA MOD DL's\Vehicles\GTA Popgroups Tool\Car Pics\images\tbird64.png","0.76","Ready to upload as image/png."
"Ready","technical","Technical.png","D:\GTA MOD DL's\Vehicles\GTA Popgroups Tool\Car Pics\images\Technical.png","0.39","Ready to upload as image/png."
"Ready","technical2","Technical2.png","D:\GTA MOD DL's\Vehicles\GTA Popgroups Tool\Car Pics\images\Technical2.png","0.41","Ready to upload as image/png."
"Ready","technical3","Technical3.png","D:\GTA MOD DL's\Vehicles\GTA Popgroups Tool\Car Pics\images\Technical3.png","0.38","Ready to upload as image/png."
"Unmatched","teme25sx","teme25sx.png","D:\GTA MOD DL's\Vehicles\GTA Popgroups Tool\Car Pics\images\teme25sx.png","1.04","No matching D1 vehicle model."
"Ready","tempesta","Tempesta.png","D:\GTA MOD DL's\Vehicles\GTA Popgroups Tool\Car Pics\images\Tempesta.png","0.35","Ready to upload as image/png."
"Ready","tenf","tenf.png","D:\GTA MOD DL's\Vehicles\GTA Popgroups Tool\Car Pics\images\tenf.png","0.39","Ready to upload as image/png."
"Ready","tenf2","tenf2.png","D:\GTA MOD DL's\Vehicles\GTA Popgroups Tool\Car Pics\images\tenf2.png","0.38","Ready to upload as image/png."
"Ready","terbyte","terbyte.png","D:\GTA MOD DL's\Vehicles\GTA Popgroups Tool\Car Pics\images\terbyte.png","0.31","Ready to upload as image/png."
"Ready","terminus","Terminus.png","D:\GTA MOD DL's\Vehicles\GTA Popgroups Tool\Car Pics\images\Terminus.png","0.39","Ready to upload as image/png."
"Ready","tezeract","Tezeract.png","D:\GTA MOD DL's\Vehicles\GTA Popgroups Tool\Car Pics\images\Tezeract.png","0.38","Ready to upload as image/png."
"Ready","thrax","thrax.png","D:\GTA MOD DL's\Vehicles\GTA Popgroups Tool\Car Pics\images\thrax.png","0.34","Ready to upload as image/png."
"Ready","thrust","Thrust.png","D:\GTA MOD DL's\Vehicles\GTA Popgroups Tool\Car Pics\images\Thrust.png","0.41","Ready to upload as image/png."
"Ready","thruster","Thruster.png","D:\GTA MOD DL's\Vehicles\GTA Popgroups Tool\Car Pics\images\Thruster.png","0.24","Ready to upload as image/png."
"Ready","tigon","tigon.png","D:\GTA MOD DL's\Vehicles\GTA Popgroups Tool\Car Pics\images\tigon.png","0.39","Ready to upload as image/png."
"Ready","tiptruck","tiptruck.png","D:\GTA MOD DL's\Vehicles\GTA Popgroups Tool\Car Pics\images\tiptruck.png","0.41","Ready to upload as image/png."
"Ready","tiptruck2","tiptruck2.png","D:\GTA MOD DL's\Vehicles\GTA Popgroups Tool\Car Pics\images\tiptruck2.png","0.41","Ready to upload as image/png."
"Ready","titan","titan.png","D:\GTA MOD DL's\Vehicles\GTA Popgroups Tool\Car Pics\images\titan.png","0.36","Ready to upload as image/png."
"Ready","titan2","titan2.png","D:\GTA MOD DL's\Vehicles\GTA Popgroups Tool\Car Pics\images\titan2.png","0.43","Ready to upload as image/png."
"Unmatched","topcar720","topcar720.png","D:\GTA MOD DL's\Vehicles\GTA Popgroups Tool\Car Pics\images\topcar720.png","1.24","No matching D1 vehicle model."
"Ready","toreador","toreador.png","D:\GTA MOD DL's\Vehicles\GTA Popgroups Tool\Car Pics\images\toreador.png","0.39","Ready to upload as image/png."
"Ready","torero","Torero.png","D:\GTA MOD DL's\Vehicles\GTA Popgroups Tool\Car Pics\images\Torero.png","0.36","Ready to upload as image/png."
"Ready","torero2","torero2.png","D:\GTA MOD DL's\Vehicles\GTA Popgroups Tool\Car Pics\images\torero2.png","0.41","Ready to upload as image/png."
"Ready","tornado","Tornado.png","D:\GTA MOD DL's\Vehicles\GTA Popgroups Tool\Car Pics\images\Tornado.png","0.39","Ready to upload as image/png."
"Ready","tornado2","Tornado2.png","D:\GTA MOD DL's\Vehicles\GTA Popgroups Tool\Car Pics\images\Tornado2.png","0.36","Ready to upload as image/png."
"Ready","tornado3","Tornado3.png","D:\GTA MOD DL's\Vehicles\GTA Popgroups Tool\Car Pics\images\Tornado3.png","0.36","Ready to upload as image/png."
"Ready","tornado4","Tornado4.png","D:\GTA MOD DL's\Vehicles\GTA Popgroups Tool\Car Pics\images\Tornado4.png","0.44","Ready to upload as image/png."
"Ready","tornado5","Tornado5.png","D:\GTA MOD DL's\Vehicles\GTA Popgroups Tool\Car Pics\images\Tornado5.png","0.37","Ready to upload as image/png."
"Ready","tornado6","Tornado6.png","D:\GTA MOD DL's\Vehicles\GTA Popgroups Tool\Car Pics\images\Tornado6.png","0.39","Ready to upload as image/png."
"Ready","toro","Toro.png","D:\GTA MOD DL's\Vehicles\GTA Popgroups Tool\Car Pics\images\Toro.png","0.34","Ready to upload as image/png."
"Ready","toro2","Toro2.png","D:\GTA MOD DL's\Vehicles\GTA Popgroups Tool\Car Pics\images\Toro2.png","0.28","Ready to upload as image/png."
"Ready","toros","toros.png","D:\GTA MOD DL's\Vehicles\GTA Popgroups Tool\Car Pics\images\toros.png","0.3","Ready to upload as image/png."
"Ready","tourbus","tourbus.png","D:\GTA MOD DL's\Vehicles\GTA Popgroups Tool\Car Pics\images\tourbus.png","0.33","Ready to upload as image/png."
"Ready","towncar10l","towncar10l.png","D:\GTA MOD DL's\Vehicles\GTA Popgroups Tool\Car Pics\images\towncar10l.png","0.59","Ready to upload as image/png."
"Ready","towncar91","towncar91.png","D:\GTA MOD DL's\Vehicles\GTA Popgroups Tool\Car Pics\images\towncar91.png","0.51","Ready to upload as image/png."
"Ready","towncar91l","towncar91l.png","D:\GTA MOD DL's\Vehicles\GTA Popgroups Tool\Car Pics\images\towncar91l.png","0.48","Ready to upload as image/png."
"Ready","towncar98","towncar98.png","D:\GTA MOD DL's\Vehicles\GTA Popgroups Tool\Car Pics\images\towncar98.png","0.65","Ready to upload as image/png."
"Ready","towncar98l","towncar98l.png","D:\GTA MOD DL's\Vehicles\GTA Popgroups Tool\Car Pics\images\towncar98l.png","0.64","Ready to upload as image/png."
"Ready","towncar98lw","towncar98lw.png","D:\GTA MOD DL's\Vehicles\GTA Popgroups Tool\Car Pics\images\towncar98lw.png","0.67","Ready to upload as image/png."
"Ready","towtruck","Towtruck.png","D:\GTA MOD DL's\Vehicles\GTA Popgroups Tool\Car Pics\images\Towtruck.png","0.4","Ready to upload as image/png."
"Ready","towtruck2","Towtruck2.png","D:\GTA MOD DL's\Vehicles\GTA Popgroups Tool\Car Pics\images\Towtruck2.png","0.39","Ready to upload as image/png."
"Ready","towtruck3","Towtruck3.png","D:\GTA MOD DL's\Vehicles\GTA Popgroups Tool\Car Pics\images\Towtruck3.png","0.49","Ready to upload as image/png."
"Ready","towtruck4","Towtruck4.png","D:\GTA MOD DL's\Vehicles\GTA Popgroups Tool\Car Pics\images\Towtruck4.png","0.46","Ready to upload as image/png."
"Ready","tr2","Tr2.png","D:\GTA MOD DL's\Vehicles\GTA Popgroups Tool\Car Pics\images\Tr2.png","0.4","Ready to upload as image/png."
"Ready","tr3","Tr3.png","D:\GTA MOD DL's\Vehicles\GTA Popgroups Tool\Car Pics\images\Tr3.png","0.34","Ready to upload as image/png."
"Ready","tr4","Tr4.png","D:\GTA MOD DL's\Vehicles\GTA Popgroups Tool\Car Pics\images\Tr4.png","0.41","Ready to upload as image/png."
"Ready","tracer93","tracer93.png","D:\GTA MOD DL's\Vehicles\GTA Popgroups Tool\Car Pics\images\tracer93.png","0.6","Ready to upload as image/png."
"Ready","tracer93b","tracer93b.png","D:\GTA MOD DL's\Vehicles\GTA Popgroups Tool\Car Pics\images\tracer93b.png","0.61","Ready to upload as image/png."
"Ready","tractor","Tractor.png","D:\GTA MOD DL's\Vehicles\GTA Popgroups Tool\Car Pics\images\Tractor.png","0.46","Ready to upload as image/png."
"Ready","tractor2","tractor2.png","D:\GTA MOD DL's\Vehicles\GTA Popgroups Tool\Car Pics\images\tractor2.png","0.43","Ready to upload as image/png."
"Ready","tractor3","tractor3.png","D:\GTA MOD DL's\Vehicles\GTA Popgroups Tool\Car Pics\images\tractor3.png","0.45","Ready to upload as image/png."
"Ready","trailblazer","trailblazer.png","D:\GTA MOD DL's\Vehicles\GTA Popgroups Tool\Car Pics\images\trailblazer.png","1.38","Ready to upload as image/png."
"Ready","trailerlarge","trailerlarge.png","D:\GTA MOD DL's\Vehicles\GTA Popgroups Tool\Car Pics\images\trailerlarge.png","0.31","Ready to upload as image/png."
"Ready","trailerlogs","Trailerlogs.png","D:\GTA MOD DL's\Vehicles\GTA Popgroups Tool\Car Pics\images\Trailerlogs.png","0.39","Ready to upload as image/png."
"Ready","trailers","TrailerS.png","D:\GTA MOD DL's\Vehicles\GTA Popgroups Tool\Car Pics\images\TrailerS.png","0.33","Ready to upload as image/png."
"Ready","trailers2","TrailerS2.png","D:\GTA MOD DL's\Vehicles\GTA Popgroups Tool\Car Pics\images\TrailerS2.png","0.25","Ready to upload as image/png."
"Ready","trailers3","TrailerS3.png","D:\GTA MOD DL's\Vehicles\GTA Popgroups Tool\Car Pics\images\TrailerS3.png","0.34","Ready to upload as image/png."
"Ready","trailers4","Trailers4.png","D:\GTA MOD DL's\Vehicles\GTA Popgroups Tool\Car Pics\images\Trailers4.png","0.33","Ready to upload as image/png."
"Ready","trailers5","Trailers5.png","D:\GTA MOD DL's\Vehicles\GTA Popgroups Tool\Car Pics\images\Trailers5.png","0.42","Ready to upload as image/png."
"Ready","trailersmall","Trailersmall.png","D:\GTA MOD DL's\Vehicles\GTA Popgroups Tool\Car Pics\images\Trailersmall.png","0.37","Ready to upload as image/png."
"Ready","trailersmall2","trailersmall2.png","D:\GTA MOD DL's\Vehicles\GTA Popgroups Tool\Car Pics\images\trailersmall2.png","0.34","Ready to upload as image/png."
"Ready","trash","trash.png","D:\GTA MOD DL's\Vehicles\GTA Popgroups Tool\Car Pics\images\trash.png","0.41","Ready to upload as image/png."
"Ready","trash2","trash2.png","D:\GTA MOD DL's\Vehicles\GTA Popgroups Tool\Car Pics\images\trash2.png","0.41","Ready to upload as image/png."
"Ready","trflat","Trflat.png","D:\GTA MOD DL's\Vehicles\GTA Popgroups Tool\Car Pics\images\Trflat.png","0.41","Ready to upload as image/png."
"Ready","tribike","tribike.png","D:\GTA MOD DL's\Vehicles\GTA Popgroups Tool\Car Pics\images\tribike.png","0.36","Ready to upload as image/png."
"Ready","tribike2","tribike2.png","D:\GTA MOD DL's\Vehicles\GTA Popgroups Tool\Car Pics\images\tribike2.png","0.4","Ready to upload as image/png."
"Ready","tribike3","tribike3.png","D:\GTA MOD DL's\Vehicles\GTA Popgroups Tool\Car Pics\images\tribike3.png","0.36","Ready to upload as image/png."
"Ready","trophytruck","TrophyTruck.png","D:\GTA MOD DL's\Vehicles\GTA Popgroups Tool\Car Pics\images\TrophyTruck.png","0.36","Ready to upload as image/png."
"Ready","trophytruck2","trophytruck2.png","D:\GTA MOD DL's\Vehicles\GTA Popgroups Tool\Car Pics\images\trophytruck2.png","0.34","Ready to upload as image/png."
"Ready","tropic","Tropic.png","D:\GTA MOD DL's\Vehicles\GTA Popgroups Tool\Car Pics\images\Tropic.png","0.3","Ready to upload as image/png."
"Ready","tropic2","Tropic2.png","D:\GTA MOD DL's\Vehicles\GTA Popgroups Tool\Car Pics\images\Tropic2.png","0.29","Ready to upload as image/png."
"Ready","tropos","Tropos.png","D:\GTA MOD DL's\Vehicles\GTA Popgroups Tool\Car Pics\images\Tropos.png","0.39","Ready to upload as image/png."
"Ready","tug","Tug.png","D:\GTA MOD DL's\Vehicles\GTA Popgroups Tool\Car Pics\images\Tug.png","0.37","Ready to upload as image/png."
"Ready","tula","Tula.png","D:\GTA MOD DL's\Vehicles\GTA Popgroups Tool\Car Pics\images\Tula.png","0.4","Ready to upload as image/png."
"Ready","tulip","tulip.png","D:\GTA MOD DL's\Vehicles\GTA Popgroups Tool\Car Pics\images\tulip.png","0.38","Ready to upload as image/png."
"Ready","tulip2","Tulip2.png","D:\GTA MOD DL's\Vehicles\GTA Popgroups Tool\Car Pics\images\Tulip2.png","0.45","Ready to upload as image/png."
"Ready","turismo2","turismo2.png","D:\GTA MOD DL's\Vehicles\GTA Popgroups Tool\Car Pics\images\turismo2.png","0.41","Ready to upload as image/png."
"Ready","turismo3","Turismo3.png","D:\GTA MOD DL's\Vehicles\GTA Popgroups Tool\Car Pics\images\Turismo3.png","0.34","Ready to upload as image/png."
"Ready","turismor","TurismoR.png","D:\GTA MOD DL's\Vehicles\GTA Popgroups Tool\Car Pics\images\TurismoR.png","0.36","Ready to upload as image/png."
"Ready","tvtrailer","Tvtrailer.png","D:\GTA MOD DL's\Vehicles\GTA Popgroups Tool\Car Pics\images\Tvtrailer.png","0.35","Ready to upload as image/png."
"Ready","tvtrailer2","TVTrailer2.png","D:\GTA MOD DL's\Vehicles\GTA Popgroups Tool\Car Pics\images\TVTrailer2.png","0.37","Ready to upload as image/png."
"Ready","type262","type262.png","D:\GTA MOD DL's\Vehicles\GTA Popgroups Tool\Car Pics\images\type262.png","0.53","Ready to upload as image/png."
"Ready","type263","type263.png","D:\GTA MOD DL's\Vehicles\GTA Popgroups Tool\Car Pics\images\type263.png","0.55","Ready to upload as image/png."
"Ready","type266","type266.png","D:\GTA MOD DL's\Vehicles\GTA Popgroups Tool\Car Pics\images\type266.png","0.68","Ready to upload as image/png."
"Ready","tyrant","Tyrant.png","D:\GTA MOD DL's\Vehicles\GTA Popgroups Tool\Car Pics\images\Tyrant.png","0.36","Ready to upload as image/png."
"Ready","tyrus","Tyrus.png","D:\GTA MOD DL's\Vehicles\GTA Popgroups Tool\Car Pics\images\Tyrus.png","0.35","Ready to upload as image/png."
"Ready","uranus","uranus.png","D:\GTA MOD DL's\Vehicles\GTA Popgroups Tool\Car Pics\images\uranus.png","0.41","Ready to upload as image/png."
"Ready","usafmerit","usafmerit.png","D:\GTA MOD DL's\Vehicles\GTA Popgroups Tool\Car Pics\images\usafmerit.png","0.74","Ready to upload as image/png."
"Ready","USMS","usms.png","D:\GTA MOD DL's\Vehicles\GTA Popgroups Tool\Car Pics\images\usms.png","0.76","Ready to upload as image/png."
"Ready","USMS2","usms2.png","D:\GTA MOD DL's\Vehicles\GTA Popgroups Tool\Car Pics\images\usms2.png","0.6","Ready to upload as image/png."
"Ready","utillitruck","utillitruck.png","D:\GTA MOD DL's\Vehicles\GTA Popgroups Tool\Car Pics\images\utillitruck.png","0.36","Ready to upload as image/png."
"Ready","utillitruck2","utillitruck2.png","D:\GTA MOD DL's\Vehicles\GTA Popgroups Tool\Car Pics\images\utillitruck2.png","0.34","Ready to upload as image/png."
"Ready","utillitruck3","utillitruck3.png","D:\GTA MOD DL's\Vehicles\GTA Popgroups Tool\Car Pics\images\utillitruck3.png","0.38","Ready to upload as image/png."
"Ready","v877","v877.png","D:\GTA MOD DL's\Vehicles\GTA Popgroups Tool\Car Pics\images\v877.png","0.95","Ready to upload as image/png."
"Ready","vacca","Vacca.png","D:\GTA MOD DL's\Vehicles\GTA Popgroups Tool\Car Pics\images\Vacca.png","0.38","Ready to upload as image/png."
"Ready","vader","Vader.png","D:\GTA MOD DL's\Vehicles\GTA Popgroups Tool\Car Pics\images\Vader.png","0.35","Ready to upload as image/png."
"Ready","vagner","Vagner.png","D:\GTA MOD DL's\Vehicles\GTA Popgroups Tool\Car Pics\images\Vagner.png","0.38","Ready to upload as image/png."
"Ready","vagrant","vagrant.png","D:\GTA MOD DL's\Vehicles\GTA Popgroups Tool\Car Pics\images\vagrant.png","0.36","Ready to upload as image/png."
"Ready","valkyrie","valkyrie.png","D:\GTA MOD DL's\Vehicles\GTA Popgroups Tool\Car Pics\images\valkyrie.png","0.39","Ready to upload as image/png."
"Ready","valkyrie2","valkyrie2.png","D:\GTA MOD DL's\Vehicles\GTA Popgroups Tool\Car Pics\images\valkyrie2.png","0.38","Ready to upload as image/png."
"Ready","vamos","Vamos.png","D:\GTA MOD DL's\Vehicles\GTA Popgroups Tool\Car Pics\images\Vamos.png","0.35","Ready to upload as image/png."
"Ready","vectre","vectre.png","D:\GTA MOD DL's\Vehicles\GTA Popgroups Tool\Car Pics\images\vectre.png","0.38","Ready to upload as image/png."
"Ready","veloster","veloster.png","D:\GTA MOD DL's\Vehicles\GTA Popgroups Tool\Car Pics\images\veloster.png","1.37","Ready to upload as image/png."
"Ready","velum","velum.png","D:\GTA MOD DL's\Vehicles\GTA Popgroups Tool\Car Pics\images\velum.png","0.39","Ready to upload as image/png."
"Ready","velum2","Velum2.png","D:\GTA MOD DL's\Vehicles\GTA Popgroups Tool\Car Pics\images\Velum2.png","0.39","Ready to upload as image/png."
"Ready","verlierer2","Verlierer2.png","D:\GTA MOD DL's\Vehicles\GTA Popgroups Tool\Car Pics\images\Verlierer2.png","0.31","Ready to upload as image/png."
"Ready","verus","verus.png","D:\GTA MOD DL's\Vehicles\GTA Popgroups Tool\Car Pics\images\verus.png","0.4","Ready to upload as image/png."
"Ready","vestra","Vestra.png","D:\GTA MOD DL's\Vehicles\GTA Popgroups Tool\Car Pics\images\Vestra.png","0.41","Ready to upload as image/png."
"Ready","vetir","vetir.png","D:\GTA MOD DL's\Vehicles\GTA Popgroups Tool\Car Pics\images\vetir.png","0.39","Ready to upload as image/png."
"Ready","veto","veto.png","D:\GTA MOD DL's\Vehicles\GTA Popgroups Tool\Car Pics\images\veto.png","0.31","Ready to upload as image/png."
"Ready","veto2","veto2.png","D:\GTA MOD DL's\Vehicles\GTA Popgroups Tool\Car Pics\images\veto2.png","0.42","Ready to upload as image/png."
"Ready","veyron","veyron.png","D:\GTA MOD DL's\Vehicles\GTA Popgroups Tool\Car Pics\images\veyron.png","1.01","Ready to upload as image/png."
"Ready","vgmk2gti","vgmk2gti.png","D:\GTA MOD DL's\Vehicles\GTA Popgroups Tool\Car Pics\images\vgmk2gti.png","1.29","Ready to upload as image/png."
"Ready","vigero","Vigero.png","D:\GTA MOD DL's\Vehicles\GTA Popgroups Tool\Car Pics\images\Vigero.png","0.33","Ready to upload as image/png."
"Ready","vigero2","vigero2.png","D:\GTA MOD DL's\Vehicles\GTA Popgroups Tool\Car Pics\images\vigero2.png","0.36","Ready to upload as image/png."
"Ready","Vigero3","Vigero3.png","D:\GTA MOD DL's\Vehicles\GTA Popgroups Tool\Car Pics\images\Vigero3.png","0.44","Ready to upload as image/png."
"Ready","vigilante","Vigilante.png","D:\GTA MOD DL's\Vehicles\GTA Popgroups Tool\Car Pics\images\Vigilante.png","0.27","Ready to upload as image/png."
"Ready","vindicator","Vindicator.png","D:\GTA MOD DL's\Vehicles\GTA Popgroups Tool\Car Pics\images\Vindicator.png","0.37","Ready to upload as image/png."
"Ready","virgo","Virgo.png","D:\GTA MOD DL's\Vehicles\GTA Popgroups Tool\Car Pics\images\Virgo.png","0.43","Ready to upload as image/png."
"Ready","virgo2","Virgo2.png","D:\GTA MOD DL's\Vehicles\GTA Popgroups Tool\Car Pics\images\Virgo2.png","0.42","Ready to upload as image/png."
"Ready","virgo3","Virgo3.png","D:\GTA MOD DL's\Vehicles\GTA Popgroups Tool\Car Pics\images\Virgo3.png","0.38","Ready to upload as image/png."
"Ready","virtue","Virtue.png","D:\GTA MOD DL's\Vehicles\GTA Popgroups Tool\Car Pics\images\Virtue.png","0.36","Ready to upload as image/png."
"Ready","viseris","Viseris.png","D:\GTA MOD DL's\Vehicles\GTA Popgroups Tool\Car Pics\images\Viseris.png","0.36","Ready to upload as image/png."
"Ready","visione","Visione.png","D:\GTA MOD DL's\Vehicles\GTA Popgroups Tool\Car Pics\images\Visione.png","0.36","Ready to upload as image/png."
"Ready","vivanite","Vivanite.png","D:\GTA MOD DL's\Vehicles\GTA Popgroups Tool\Car Pics\images\Vivanite.png","0.4","Ready to upload as image/png."
"Ready","vivanite2","vivanite2.png","D:\GTA MOD DL's\Vehicles\GTA Popgroups Tool\Car Pics\images\vivanite2.png","0.4","Ready to upload as image/png."
"Ready","volatol","Volatol.png","D:\GTA MOD DL's\Vehicles\GTA Popgroups Tool\Car Pics\images\Volatol.png","0.38","Ready to upload as image/png."
"Ready","volatus","Volatus.png","D:\GTA MOD DL's\Vehicles\GTA Popgroups Tool\Car Pics\images\Volatus.png","0.37","Ready to upload as image/png."
"Ready","voltic","Voltic.png","D:\GTA MOD DL's\Vehicles\GTA Popgroups Tool\Car Pics\images\Voltic.png","0.37","Ready to upload as image/png."
"Ready","voltic2","Voltic2.png","D:\GTA MOD DL's\Vehicles\GTA Popgroups Tool\Car Pics\images\Voltic2.png","0.42","Ready to upload as image/png."
"Ready","voodoo","Voodoo.png","D:\GTA MOD DL's\Vehicles\GTA Popgroups Tool\Car Pics\images\Voodoo.png","0.42","Ready to upload as image/png."
"Ready","voodoo1","voodoo1.png","D:\GTA MOD DL's\Vehicles\GTA Popgroups Tool\Car Pics\images\voodoo1.png","1.58","Ready to upload as image/png."
"Ready","voodoo2","Voodoo2.png","D:\GTA MOD DL's\Vehicles\GTA Popgroups Tool\Car Pics\images\Voodoo2.png","0.45","Ready to upload as image/png."
"Ready","vorschlaghammer","vorschlaghammer.png","D:\GTA MOD DL's\Vehicles\GTA Popgroups Tool\Car Pics\images\vorschlaghammer.png","0.36","Ready to upload as image/png."
"Ready","vorschlaghammer_grovados","vorschlaghammer_grovados.png","D:\GTA MOD DL's\Vehicles\GTA Popgroups Tool\Car Pics\images\vorschlaghammer_grovados.png","0.82","Ready to upload as image/png."
"Ready","vortex","Vortex.png","D:\GTA MOD DL's\Vehicles\GTA Popgroups Tool\Car Pics\images\Vortex.png","0.37","Ready to upload as image/png."
"Ready","voyager96","voyager96.png","D:\GTA MOD DL's\Vehicles\GTA Popgroups Tool\Car Pics\images\voyager96.png","0.69","Ready to upload as image/png."
"Ready","vstr","vstr.png","D:\GTA MOD DL's\Vehicles\GTA Popgroups Tool\Car Pics\images\vstr.png","0.39","Ready to upload as image/png."
"Ready","vwmk6","vwmk6.png","D:\GTA MOD DL's\Vehicles\GTA Popgroups Tool\Car Pics\images\vwmk6.png","1.19","Ready to upload as image/png."
"Ready","w222wald","w222wald.png","D:\GTA MOD DL's\Vehicles\GTA Popgroups Tool\Car Pics\images\w222wald.png","1.44","Ready to upload as image/png."
"Ready","warrener","Warrener.png","D:\GTA MOD DL's\Vehicles\GTA Popgroups Tool\Car Pics\images\Warrener.png","0.39","Ready to upload as image/png."
"Ready","warrener2","warrener2.png","D:\GTA MOD DL's\Vehicles\GTA Popgroups Tool\Car Pics\images\warrener2.png","0.39","Ready to upload as image/png."
"Ready","washington","Washington.png","D:\GTA MOD DL's\Vehicles\GTA Popgroups Tool\Car Pics\images\Washington.png","0.35","Ready to upload as image/png."
"Ready","wastelander","Wastelander.png","D:\GTA MOD DL's\Vehicles\GTA Popgroups Tool\Car Pics\images\Wastelander.png","0.4","Ready to upload as image/png."
"Ready","weevil","weevil.png","D:\GTA MOD DL's\Vehicles\GTA Popgroups Tool\Car Pics\images\weevil.png","0.36","Ready to upload as image/png."
"Ready","weevil2","Weevil2.png","D:\GTA MOD DL's\Vehicles\GTA Popgroups Tool\Car Pics\images\Weevil2.png","0.42","Ready to upload as image/png."
"Ready","WHITE55","white55.png","D:\GTA MOD DL's\Vehicles\GTA Popgroups Tool\Car Pics\images\white55.png","0.85","Ready to upload as image/png."
"Ready","willys48t","willys48t.png","D:\GTA MOD DL's\Vehicles\GTA Popgroups Tool\Car Pics\images\willys48t.png","1.06","Ready to upload as image/png."
"Ready","willys50w","willys50w.png","D:\GTA MOD DL's\Vehicles\GTA Popgroups Tool\Car Pics\images\willys50w.png","0.9","Ready to upload as image/png."
"Ready","willys57v","willys57v.png","D:\GTA MOD DL's\Vehicles\GTA Popgroups Tool\Car Pics\images\willys57v.png","1.02","Ready to upload as image/png."
"Ready","windsor","Windsor.png","D:\GTA MOD DL's\Vehicles\GTA Popgroups Tool\Car Pics\images\Windsor.png","0.34","Ready to upload as image/png."
"Ready","windsor2","Windsor2.png","D:\GTA MOD DL's\Vehicles\GTA Popgroups Tool\Car Pics\images\Windsor2.png","0.36","Ready to upload as image/png."
"Ready","winky","winky.png","D:\GTA MOD DL's\Vehicles\GTA Popgroups Tool\Car Pics\images\winky.png","0.46","Ready to upload as image/png."
"Ready","wolfsbane","Wolfsbane.png","D:\GTA MOD DL's\Vehicles\GTA Popgroups Tool\Car Pics\images\Wolfsbane.png","0.34","Ready to upload as image/png."
"Ready","woodlander","woodlander.png","D:\GTA MOD DL's\Vehicles\GTA Popgroups Tool\Car Pics\images\woodlander.png","0.46","Ready to upload as image/png."
"Ready","x222","x222.png","D:\GTA MOD DL's\Vehicles\GTA Popgroups Tool\Car Pics\images\x222.png","1.2","Ready to upload as image/png."
"Ready","xa21","XA21.png","D:\GTA MOD DL's\Vehicles\GTA Popgroups Tool\Car Pics\images\XA21.png","0.37","Ready to upload as image/png."
"Unmatched","xj60","xj60.png","D:\GTA MOD DL's\Vehicles\GTA Popgroups Tool\Car Pics\images\xj60.png","0.64","No matching D1 vehicle model."
"Ready","xj690","xj690.png","D:\GTA MOD DL's\Vehicles\GTA Popgroups Tool\Car Pics\images\xj690.png","0.78","Ready to upload as image/png."
"Ready","xls","XLS.png","D:\GTA MOD DL's\Vehicles\GTA Popgroups Tool\Car Pics\images\XLS.png","0.37","Ready to upload as image/png."
"Ready","xls_grovados","xls_grovados.png","D:\GTA MOD DL's\Vehicles\GTA Popgroups Tool\Car Pics\images\xls_grovados.png","0.64","Ready to upload as image/png."
"Ready","xls2","XLS2.png","D:\GTA MOD DL's\Vehicles\GTA Popgroups Tool\Car Pics\images\XLS2.png","0.32","Ready to upload as image/png."
"Ready","xtreme","xtreme.png","D:\GTA MOD DL's\Vehicles\GTA Popgroups Tool\Car Pics\images\xtreme.png","0.39","Ready to upload as image/png."
"Ready","yosemite","Yosemite.png","D:\GTA MOD DL's\Vehicles\GTA Popgroups Tool\Car Pics\images\Yosemite.png","0.38","Ready to upload as image/png."
"Ready","yosemite1500","yosemite1500.png","D:\GTA MOD DL's\Vehicles\GTA Popgroups Tool\Car Pics\images\yosemite1500.png","0.37","Ready to upload as image/png."
"Ready","yosemite2","yosemite2.png","D:\GTA MOD DL's\Vehicles\GTA Popgroups Tool\Car Pics\images\yosemite2.png","0.4","Ready to upload as image/png."
"Ready","yosemite3","yosemite3.png","D:\GTA MOD DL's\Vehicles\GTA Popgroups Tool\Car Pics\images\yosemite3.png","0.4","Ready to upload as image/png."
"Ready","youga","Youga.png","D:\GTA MOD DL's\Vehicles\GTA Popgroups Tool\Car Pics\images\Youga.png","0.36","Ready to upload as image/png."
"Ready","youga2","Youga2.png","D:\GTA MOD DL's\Vehicles\GTA Popgroups Tool\Car Pics\images\Youga2.png","0.25","Ready to upload as image/png."
"Ready","youga3","youga3.png","D:\GTA MOD DL's\Vehicles\GTA Popgroups Tool\Car Pics\images\youga3.png","0.32","Ready to upload as image/png."
"Ready","youga4","youga4.png","D:\GTA MOD DL's\Vehicles\GTA Popgroups Tool\Car Pics\images\youga4.png","0.41","Ready to upload as image/png."
"Ready","youga5","youga5.png","D:\GTA MOD DL's\Vehicles\GTA Popgroups Tool\Car Pics\images\youga5.png","0.41","Ready to upload as image/png."
"Ready","yougat","yougat.png","D:\GTA MOD DL's\Vehicles\GTA Popgroups Tool\Car Pics\images\yougat.png","0.53","Ready to upload as image/png."
"Ready","yougav12","yougav12.png","D:\GTA MOD DL's\Vehicles\GTA Popgroups Tool\Car Pics\images\yougav12.png","0.68","Ready to upload as image/png."
"Ready","z190","z190.png","D:\GTA MOD DL's\Vehicles\GTA Popgroups Tool\Car Pics\images\z190.png","0.28","Ready to upload as image/png."
"Ready","zeno","zeno.png","D:\GTA MOD DL's\Vehicles\GTA Popgroups Tool\Car Pics\images\zeno.png","0.38","Ready to upload as image/png."
"Ready","zentorno","Zentorno.png","D:\GTA MOD DL's\Vehicles\GTA Popgroups Tool\Car Pics\images\Zentorno.png","0.39","Ready to upload as image/png."
"Ready","zhaba","zhaba.png","D:\GTA MOD DL's\Vehicles\GTA Popgroups Tool\Car Pics\images\zhaba.png","0.34","Ready to upload as image/png."
"Ready","zion","Zion.png","D:\GTA MOD DL's\Vehicles\GTA Popgroups Tool\Car Pics\images\Zion.png","0.36","Ready to upload as image/png."
"Ready","zion2","Zion2.png","D:\GTA MOD DL's\Vehicles\GTA Popgroups Tool\Car Pics\images\Zion2.png","0.36","Ready to upload as image/png."
"Ready","zion3","zion3.png","D:\GTA MOD DL's\Vehicles\GTA Popgroups Tool\Car Pics\images\zion3.png","0.4","Ready to upload as image/png."
"Ready","zombiea","Zombiea.png","D:\GTA MOD DL's\Vehicles\GTA Popgroups Tool\Car Pics\images\Zombiea.png","0.37","Ready to upload as image/png."
"Ready","zombieb","Zombieb.png","D:\GTA MOD DL's\Vehicles\GTA Popgroups Tool\Car Pics\images\Zombieb.png","0.38","Ready to upload as image/png."
"Ready","zorrusso","zorrusso.png","D:\GTA MOD DL's\Vehicles\GTA Popgroups Tool\Car Pics\images\zorrusso.png","0.29","Ready to upload as image/png."
"Ready","zr350","zr350.png","D:\GTA MOD DL's\Vehicles\GTA Popgroups Tool\Car Pics\images\zr350.png","0.36","Ready to upload as image/png."
"Ready","zr380","zr380.png","D:\GTA MOD DL's\Vehicles\GTA Popgroups Tool\Car Pics\images\zr380.png","0.31","Ready to upload as image/png."
"Ready","zr3802","zr3802.png","D:\GTA MOD DL's\Vehicles\GTA Popgroups Tool\Car Pics\images\zr3802.png","0.35","Ready to upload as image/png."
"Ready","zr3803","zr3803.png","D:\GTA MOD DL's\Vehicles\GTA Popgroups Tool\Car Pics\images\zr3803.png","0.35","Ready to upload as image/png."
"Ready","ztype","ZType.png","D:\GTA MOD DL's\Vehicles\GTA Popgroups Tool\Car Pics\images\ZType.png","0.35","Ready to upload as image/png."
"Unmatched","zuwgxr2020","zuwgxr2020.png","D:\GTA MOD DL's\Vehicles\GTA Popgroups Tool\Car Pics\images\zuwgxr2020.png","0.65","No matching D1 vehicle model."
"Unmatched","zuwtrdpro20","zuwtrdpro20.png","D:\GTA MOD DL's\Vehicles\GTA Popgroups Tool\Car Pics\images\zuwtrdpro20.png","0.79","No matching D1 vehicle model."
